{
  "args": {
    "input": ".\\May_10_add\\data_corrected.xlsx",
    "sheet": "Corrected Data",
    "target": "intensity",
    "hrp": 0.0001,
    "hrp_atol": 1e-12,
    "filter_ctrl": true,
    "device": "cpu",
    "seed": 42,
    "k_max": 4,
    "fit_maxiter": 20,
    "output_dir": ".\\May_10_add\\add_bo_mod_smoke",
    "stability_mc_samples": 16,
    "stability_repeats": 2,
    "acq_pool_size": 64,
    "eval_batch_size": 64,
    "skip_candidates": true,
    "q": 32,
    "num_restarts": 10,
    "raw_samples": 256,
    "acq_maxiter": 100,
    "num_top_subspaces": 40,
    "sobol_max_samples": 512,
    "screen_mc_samples": 32,
    "refine_mc_samples": 64
  },
  "data": {
    "rows_after_filters": 461,
    "target_mean": 85428.2827853377,
    "target_std": 26014.563565290526,
    "target_min": -52.12563452,
    "target_max": 151518.1277267,
    "active_count_dist": {
      "1": 198,
      "2": 231,
      "0": 32
    },
    "rows_any_additive_gt_encoding_hi": 0,
    "additive_gt_encoding_hi_counts": {},
    "raw_rows": 461,
    "unique_encoded_rows": 446,
    "duplicates_merged": 15,
    "encoded_dim": 46,
    "n_additives": 22
  },
  "models": {
    "old_mixed_hamming": {
      "mll": -0.65761108848645,
      "train_rmse": 2996.69520502533,
      "train_mae": 2146.513803888674,
      "train_r2": 0.9869565697826034,
      "train_z_mean": -0.000752649847955806,
      "train_z_std": 0.6027070540211716,
      "train_frac_abs_z_gt_2": 0.006726457399103139,
      "train_frac_abs_z_gt_3": 0.0,
      "target_std": 26268.428212169514,
      "kernel_diag_min": 2.9552982148833458,
      "kernel_diag_max": 2.9552982148833458,
      "noise_standardized": 0.027484844731733418,
      "eig_min": 0.027484844731732183,
      "eig_max": 821.7007289995238,
      "condition_number": 29896.50249145641,
      "loo_rmse_model_space": 0.3505075748952894,
      "loo_mae_model_space": 0.24527268943809788,
      "loo_z_mean": 0.0074061607145518606,
      "loo_z_std": 1.01008300426321,
      "loo_frac_abs_z_gt_2": 0.04708520179372197,
      "loo_frac_abs_z_gt_3": 0.006726457399103139,
      "loo_cholesky_jitter": 0.0,
      "old_cont_ls_min": 0.11859437806989581,
      "old_cont_ls_median": 1.0849000024525013,
      "old_cont_ls_max": 1.630887129166946,
      "old_cat_ls_min": 0.5622521565914466,
      "old_cat_ls_median": 0.6986813040285906,
      "old_cat_ls_max": 0.7938103815032984,
      "old_outputscale_min": 0.7775969492889918,
      "old_outputscale_median": 0.878846631778224,
      "old_outputscale_max": 1.159062814793606,
      "acq_pool_size": 64,
      "acq_mc_samples": 16,
      "acq_repeats": 2,
      "acq_value_mean": -43.347001846499445,
      "acq_value_std": 33.9288486398623,
      "acq_per_point_std_mean": 1.396057142795176,
      "acq_spearman_mean": 0.9940934065934065,
      "acq_spearman_min": 0.9940934065934065,
      "acq_top25_jaccard_mean": 0.8518518518518519,
      "acq_top25_jaccard_min": 0.8518518518518519,
      "acq_finite_fraction": 1.0
    },
    "hierarchical_family_prior": {
      "mll": -0.29007478433043726,
      "train_rmse": 6403.973594862143,
      "train_mae": 4535.364553547719,
      "train_r2": 0.9404329986025828,
      "train_z_mean": 0.0016197983835652087,
      "train_z_std": 0.8861541188108037,
      "train_frac_abs_z_gt_2": 0.042600896860986545,
      "train_frac_abs_z_gt_3": 0.011210762331838564,
      "target_std": 26268.428212169514,
      "kernel_diag_min": 1.0559226254194725,
      "kernel_diag_max": 1.1396703413366858,
      "noise_standardized": 0.06899404907869171,
      "eig_min": 0.06899404907869001,
      "eig_max": 185.56075945720062,
      "condition_number": 2689.5183270887956,
      "loo_rmse_model_space": 0.2789478938120404,
      "loo_mae_model_space": 0.20009482979498022,
      "loo_z_mean": 0.000701528040724248,
      "loo_z_std": 0.9878166037117276,
      "loo_frac_abs_z_gt_2": 0.0515695067264574,
      "loo_frac_abs_z_gt_3": 0.01569506726457399,
      "loo_cholesky_jitter": 0.0,
      "mod_scale_const": 0.055922625419472544,
      "mod_scale_id": 0.22731544798862366,
      "mod_scale_family": 0.2499811006844378,
      "mod_scale_mw": 0.15103830651471264,
      "mod_scale_same_conc": 0.08374771591721308,
      "mod_ess_lengthscale": [
        0.4554409467928396,
        0.44529122791147624
      ],
      "mod_same_conc_lengthscale": 0.2321276897047581,
      "mod_mw_lengthscale": 0.9128089987234681,
      "mod_mean_ess_weight_norm": 0.5620432115841386,
      "mod_mean_single_family_norm": 1.2993592936040197,
      "mod_mean_single_id_norm": 1.808465082359406,
      "mod_mean_pair_family_norm": 0.08350603454173075,
      "mod_mean_pair_id_norm": 0.08939095538879883,
      "mod_mean_pair_env": [
        0.10002833212473357,
        0.10001198409342628,
        0.05000140003356338
      ],
      "acq_pool_size": 64,
      "acq_mc_samples": 16,
      "acq_repeats": 2,
      "acq_value_mean": -54.95053314277342,
      "acq_value_std": 26.145016041089164,
      "acq_per_point_std_mean": 1.7421120145374576,
      "acq_spearman_mean": 0.9928113553113552,
      "acq_spearman_min": 0.9928113553113552,
      "acq_top25_jaccard_mean": 0.8518518518518519,
      "acq_top25_jaccard_min": 0.8518518518518519,
      "acq_finite_fraction": 1.0
    }
  }
}