{
  "args": {
    "input": ".\\May_10_add\\data_corrected.xlsx",
    "sheet": "Corrected Data",
    "target": "intensity",
    "hrp": 0.0001,
    "hrp_atol": 1e-12,
    "filter_ctrl": true,
    "device": "cpu",
    "seed": 42,
    "k_max": 2,
    "fit_maxiter": 15,
    "output_dir": ".\\May_10_add\\add_bo_mod_tinycand",
    "stability_mc_samples": 8,
    "stability_repeats": 2,
    "acq_pool_size": 32,
    "eval_batch_size": 64,
    "skip_candidates": false,
    "q": 2,
    "num_restarts": 2,
    "raw_samples": 16,
    "acq_maxiter": 20,
    "num_top_subspaces": 5,
    "sobol_max_samples": 16,
    "screen_mc_samples": 8,
    "refine_mc_samples": 8
  },
  "data": {
    "rows_after_filters": 461,
    "target_mean": 85428.2827853377,
    "target_std": 26014.563565290526,
    "target_min": -52.12563452,
    "target_max": 151518.1277267,
    "active_count_dist": {
      "1": 198,
      "2": 231,
      "0": 32
    },
    "rows_any_additive_gt_encoding_hi": 0,
    "additive_gt_encoding_hi_counts": {},
    "raw_rows": 461,
    "unique_encoded_rows": 446,
    "duplicates_merged": 15,
    "encoded_dim": 46,
    "n_additives": 22
  },
  "models": {
    "old_mixed_hamming": {
      "mll": -0.678916804776683,
      "train_rmse": 3464.1557003312146,
      "train_mae": 2521.733164448357,
      "train_r2": 0.9825698357175536,
      "train_z_mean": -0.0013690810836335895,
      "train_z_std": 0.5977884171316872,
      "train_frac_abs_z_gt_2": 0.006726457399103139,
      "train_frac_abs_z_gt_3": 0.0,
      "target_std": 26268.428212169514,
      "kernel_diag_min": 2.4933621338172105,
      "kernel_diag_max": 2.4933621338172105,
      "noise_standardized": 0.03742630300015598,
      "eig_min": 0.03742630300015517,
      "eig_max": 681.075934897385,
      "condition_number": 18197.78819443003,
      "loo_rmse_model_space": 0.3384935665816844,
      "loo_mae_model_space": 0.2410806988190886,
      "loo_z_mean": 0.009155763121695807,
      "loo_z_std": 0.9642685792647675,
      "loo_frac_abs_z_gt_2": 0.042600896860986545,
      "loo_frac_abs_z_gt_3": 0.004484304932735426,
      "loo_cholesky_jitter": 0.0,
      "old_cont_ls_min": 0.0710083993845731,
      "old_cont_ls_median": 1.0553161891021428,
      "old_cont_ls_max": 1.3969249718317271,
      "old_cat_ls_min": 0.60900954393069,
      "old_cat_ls_median": 0.6966506245720665,
      "old_cat_ls_max": 0.7547973808750014,
      "old_outputscale_min": 0.7452098861078019,
      "old_outputscale_median": 0.8058852134479813,
      "old_outputscale_max": 0.9680306559305932,
      "acq_pool_size": 32,
      "acq_mc_samples": 8,
      "acq_repeats": 2,
      "acq_value_mean": -44.56397227755173,
      "acq_value_std": 33.52195468530947,
      "acq_per_point_std_mean": 1.1598531099136447,
      "acq_spearman_mean": 0.998533724340176,
      "acq_spearman_min": 0.998533724340176,
      "acq_top25_jaccard_mean": 0.9230769230769231,
      "acq_top25_jaccard_min": 0.9230769230769231,
      "acq_finite_fraction": 1.0,
      "n_subspaces_total": 254,
      "n_subspaces_top": 5,
      "screen_best": 7.757836172552247,
      "screen_worst_top": 6.359081705230206,
      "screen_active_count_dist": {
        "2": 5
      },
      "screen_sample_stats_by_n_free": {
        "2": 4,
        "3": 176,
        "4": 3696
      },
      "candidate_opt_seconds": 4.277739763259888,
      "candidate_joint_acq": 9.608880112063368,
      "candidate_unique_before_topq": 2,
      "candidate_n": 2,
      "candidate_active_count_dist": {
        "2": 2
      },
      "candidate_additive_counts": {
        "imidazole": 2,
        "bsa": 1,
        "cmc": 1
      },
      "candidate_pair_counts": {
        "bsa+imidazole": 1,
        "cmc+imidazole": 1
      },
      "candidate_acq_mean": 9.03650308951621,
      "candidate_acq_min": 8.945747615922594,
      "candidate_acq_max": 9.127258563109825
    },
    "hierarchical_family_prior": {
      "mll": -0.35044376055242427,
      "train_rmse": 6612.754089956614,
      "train_mae": 4757.811096299738,
      "train_r2": 0.9364857142263971,
      "train_z_mean": -0.0010295553015221704,
      "train_z_std": 0.8109449307417137,
      "train_frac_abs_z_gt_2": 0.03139013452914798,
      "train_frac_abs_z_gt_3": 0.004484304932735426,
      "target_std": 26268.428212169514,
      "kernel_diag_min": 1.050777567679995,
      "kernel_diag_max": 1.1619015914884285,
      "noise_standardized": 0.08740983678763142,
      "eig_min": 0.08740983678762973,
      "eig_max": 173.76243145434012,
      "condition_number": 1987.9047695342572,
      "loo_rmse_model_space": 0.29280191184214516,
      "loo_mae_model_space": 0.21337953594408324,
      "loo_z_mean": -0.0029750829422128316,
      "loo_z_std": 0.9111453205281648,
      "loo_frac_abs_z_gt_2": 0.042600896860986545,
      "loo_frac_abs_z_gt_3": 0.008968609865470852,
      "loo_cholesky_jitter": 0.0,
      "mod_scale_const": 0.050777567679995146,
      "mod_scale_id": 0.2418262480789664,
      "mod_scale_family": 0.2555089579056848,
      "mod_scale_mw": 0.15103501168903888,
      "mod_scale_same_conc": 0.11112402380843314,
      "mod_ess_lengthscale": [
        0.38193728748443173,
        0.378297048399013
      ],
      "mod_same_conc_lengthscale": 0.20071783020728312,
      "mod_mw_lengthscale": 0.7760775955494116,
      "mod_mean_ess_weight_norm": 0.31819771572033756,
      "mod_mean_single_family_norm": 0.9843977483214369,
      "mod_mean_single_id_norm": 0.8505347550523463,
      "mod_mean_pair_family_norm": 0.05998938454660969,
      "mod_mean_pair_id_norm": 0.09740623722661934,
      "mod_mean_pair_env": [
        0.09999335745681028,
        0.10000045153755106,
        0.05000033164335811
      ],
      "acq_pool_size": 32,
      "acq_mc_samples": 8,
      "acq_repeats": 2,
      "acq_value_mean": -51.84985137876839,
      "acq_value_std": 28.186419343595567,
      "acq_per_point_std_mean": 6.904902605750529,
      "acq_spearman_mean": 0.9923020527859235,
      "acq_spearman_min": 0.9923020527859235,
      "acq_top25_jaccard_mean": 1.0,
      "acq_top25_jaccard_min": 1.0,
      "acq_finite_fraction": 1.0,
      "n_subspaces_total": 254,
      "n_subspaces_top": 5,
      "screen_best": 9.654609010629324,
      "screen_worst_top": 9.192866240869929,
      "screen_active_count_dist": {
        "2": 5
      },
      "screen_sample_stats_by_n_free": {
        "2": 4,
        "3": 176,
        "4": 3696
      },
      "candidate_opt_seconds": 6.872296571731567,
      "candidate_joint_acq": 10.304859683454653,
      "candidate_unique_before_topq": 2,
      "candidate_n": 2,
      "candidate_active_count_dist": {
        "2": 2
      },
      "candidate_additive_counts": {
        "cacl2": 2,
        "mncl2": 2
      },
      "candidate_pair_counts": {
        "cacl2+mncl2": 2
      },
      "candidate_acq_mean": 9.959078053980239,
      "candidate_acq_min": 9.866127419587796,
      "candidate_acq_max": 10.052028688372683
    }
  }
}