{
  "args": {
    "input": "logs\\May_09_full_log\\data_corrected.xlsx",
    "sheet": "Corrected Data",
    "target": "intensity",
    "hrp": 0.0001,
    "hrp_atol": 1e-12,
    "filter_ctrl": true,
    "k_max": 4,
    "device": "cpu",
    "fit_maxiter": 75,
    "seeds": [
      0,
      1,
      2,
      3,
      4,
      5,
      6,
      7,
      8,
      9
    ],
    "output_dir": "logs\\May_09_full_log\\add_bo_per_add_theta_gp_loocv",
    "previous_rows": "logs/May_09_full_log/add_bo_multiseed_gp_loocv/all_seed_model_diagnostics.csv"
  },
  "data": {
    "rows_after_filters": 461,
    "target_mean": 85428.2827853377,
    "target_std": 26014.563565290526,
    "target_min": -52.12563452,
    "target_max": 151518.1277267,
    "active_count_dist": {
      "1": 198,
      "2": 231,
      "0": 32
    },
    "rows_any_additive_gt_encoding_hi": 0,
    "additive_gt_encoding_hi_counts": {},
    "raw_rows": 461,
    "unique_encoded_rows": 446,
    "duplicates_merged": 15,
    "encoded_dim": 46,
    "n_additives": 22
  },
  "models": {
    "per_add_theta_kernel": {
      "seed": 6,
      "model": "per_add_theta_kernel",
      "fit_seconds": 4.878669261932373,
      "mll": -0.4639416765473048,
      "train_rmse": 1970.9403068708816,
      "train_mae": 1287.4597955491822,
      "train_r2": 0.9943577332368803,
      "train_z_mean": -0.0031227008315227013,
      "train_z_std": 0.48558114667518987,
      "train_frac_abs_z_gt_2": 0.006726457399103139,
      "train_frac_abs_z_gt_3": 0.0,
      "target_std": 26268.428212169514,
      "kernel_diag_min": 0.44648638462690426,
      "kernel_diag_max": 0.44648638462690426,
      "noise_standardized": 0.017351816640443055,
      "eig_min": 0.017351816640442854,
      "eig_max": 17.439728250210294,
      "condition_number": 1005.0664210894518,
      "loo_rmse_model_space": 0.45404493681607716,
      "loo_mae_model_space": 0.3135028490294003,
      "loo_z_mean": 0.017495659727379473,
      "loo_z_std": 1.0181193516098828,
      "loo_frac_abs_z_gt_2": 0.05829596412556054,
      "loo_frac_abs_z_gt_3": 0.013452914798206279,
      "loo_cholesky_jitter": 0.0,
      "per_add_theta_outputscale": 0.44648638462690426,
      "per_add_theta_ess_lengthscale": [
        1.29492138840087,
        0.641599101152692
      ],
      "per_add_theta_conc_lengthscale": {
        "cmc": 0.5708545189297749,
        "peg20k": 0.45245644003466834,
        "dmso": 0.20248273399209046,
        "pl127": 0.3609129156791424,
        "bsa": 0.3630102822150026,
        "pva": 0.5229211130430408,
        "tw80": 0.2941528960746007,
        "glycerol": 0.26789442879380304,
        "tw20": 0.1965713711006134,
        "imidazole": 0.34002442812588746,
        "tx100": 0.27601701951369795,
        "edta": 0.3469165196912103,
        "mgso4": 0.24486228885357772,
        "sucrose": 0.1672762403954026,
        "cacl2": 0.10939776757620279,
        "znso4": 0.31627475734940635,
        "paa": 0.36305272380141007,
        "mncl2": 0.22119958006894067,
        "peg200k": 0.2704012101337796,
        "feso4": 0.3198010143746726,
        "peg6k": 0.34256590362644884,
        "peg400": 0.343878138185083
      },
      "per_add_theta_theta": {
        "cmc": 0.4409183438839189,
        "peg20k": 0.48794164419080616,
        "dmso": 0.4963310239263409,
        "pl127": 0.43857951794059846,
        "bsa": 0.34721836478943835,
        "pva": 0.37564240177942904,
        "tw80": 0.4645770215815484,
        "glycerol": 0.4346391142568358,
        "tw20": 0.4046702068849794,
        "imidazole": 0.43012218348997194,
        "tx100": 0.3188483752096723,
        "edta": 0.3168887872792709,
        "mgso4": 0.32159756965566677,
        "sucrose": 0.45114462443113457,
        "cacl2": 0.38329434163263937,
        "znso4": 0.30697164851208253,
        "paa": 0.5013746176754578,
        "mncl2": 0.27041081522785454,
        "peg200k": 0.4617376303480186,
        "feso4": 0.46807145111412685,
        "peg6k": 0.41613601832887387,
        "peg400": 0.4284143648360524
      },
      "per_add_theta_theta_min": 0.27041081522785454,
      "per_add_theta_theta_median": 0.42926827416301216,
      "per_add_theta_theta_max": 0.5013746176754578
    }
  }
}