TMB,H2O2,predicted_value,uncertainty_std
0.7508556932965105,0.01966109790336893,32387.345694028034,2453.453408849183
0.6676496548013063,0.01924653203397043,31779.104451373696,2710.4904936370835
0.8564692769546105,0.020166637233968554,31751.46711034265,2292.7874424815504
0.3653186077977893,0.06503000604874146,27315.201828159217,2420.415662073489
0.7565206990581465,0.018676473784398438,31854.78137091711,2663.675548958732
0.737895181673867,0.02077412146077702,32169.478019898117,2290.7521364744193
0.6444469164888849,0.020146700278271586,31664.08943892842,2497.031949214726
0.6839503964867595,0.018441893520396293,31278.20427546756,2931.2986033877146
0.8424469742018698,0.019103079189156214,31731.771805864995,2422.6879374398814
1.0,0.019925187668710053,29685.13427879233,2457.444820811437
0.7874703604579061,0.021722321701201384,31261.504441482997,2197.687895033554
0.340488103031454,0.06959404843374647,26850.031795233368,2330.6823146347533
0.6016361732800428,0.01840329030442861,29821.736147999927,3196.05980943364
0.7064521782268811,0.019909194890388796,32307.385305085965,2466.6516833197506
0.7952624369438787,0.020110019621062205,32261.4398679973,2330.2954803974685
0.6891819710677,0.020682217727464897,32021.926510554033,2338.609971233242
0.3628711327573834,0.06094849805484504,26884.725093098696,2479.8631537615606
0.3726429995629446,0.06796703665241449,27035.1349488488,2399.672919885516
0.5761751781142354,0.01991095772155242,30114.300382598794,2692.034732075083
0.6021844764564753,0.021025111805158057,30523.991751916095,2361.5361840985765
0.7280765076367977,0.017309583692521852,29856.36667134067,3156.75035911982
0.7975602044370117,0.017947879999993196,30942.241993632626,2737.5940966954317
0.8059543110245808,0.02084494060948389,31915.544624534818,2248.5988209824895
0.5661716841354023,0.01761126058396575,27627.982272824633,3654.200658447064
1.0,0.021023706580597486,29298.734313798155,2419.439018133063
0.3800993274721712,0.0629908934370928,27088.71572742541,2445.5856192943384
0.7507727928693884,0.020239209225288515,32377.911650950864,2353.344662604093
0.7062771895813014,0.022519703410196077,30233.889083433223,2191.2324639820818
0.7931028283209028,0.019476906258440438,32229.151890099667,2425.964221216713
0.7332272439175439,0.021780552138796722,31296.749867579252,2207.5416737702803
0.6501790351435479,0.017857983112088426,30040.675473417738,3253.681708115683
0.8699053317228922,0.021373336609306435,30937.096898789772,2219.533774176891
