{
  "args": {
    "bo_profile": "default",
    "input": "logs/May_10_full_log/data_corrected.xlsx",
    "sheet": "Corrected Data",
    "target": "intensity",
    "hrp": 0.0001,
    "hrp_atol": 1e-12,
    "filter_ctrl": true,
    "device": "cpu",
    "seed": 42,
    "output_dir": "logs/May_16_full_log/per_additive_upgrade",
    "models": [
      "old_mixed_hamming",
      "new_additive_set"
    ],
    "k_max": 4,
    "fit_maxiter": 75,
    "training_fit_diagnostics": true,
    "matrix_diagnostics": true,
    "loo_diagnostics": true,
    "kernel_parameter_summary": true,
    "acq_stability_diagnostics": true,
    "stability_mc_samples": 64,
    "stability_repeats": 5,
    "acq_pool_size": 512,
    "skip_candidates": true,
    "q": 32,
    "num_top_subspaces": 40,
    "sobol_max_samples": 512,
    "screen_min_samples": 1,
    "screen_mc_samples": 32,
    "num_restarts": 10,
    "raw_samples": 256,
    "acq_maxiter": 100,
    "refine_mc_samples": 64,
    "eval_batch_size": 256
  },
  "data": {
    "rows_after_filters": 461,
    "target_mean": 85428.2827853377,
    "target_std": 26014.563565290526,
    "target_min": -52.12563452,
    "target_max": 151518.1277267,
    "active_count_dist": {
      "1": 198,
      "2": 231,
      "0": 32
    },
    "rows_any_additive_gt_encoding_hi": 0,
    "additive_gt_encoding_hi_counts": {},
    "raw_rows": 461,
    "unique_encoded_rows": 446,
    "duplicates_merged": 15,
    "encoded_dim": 46,
    "n_additives": 22
  },
  "models": {
    "old_mixed_hamming": {
      "fit_seconds": 6.455534219741821,
      "mll": -0.5958555025189316,
      "train_rmse": 2907.6847878332055,
      "train_mae": 2126.964897064513,
      "train_r2": 0.9877199164426148,
      "train_z_mean": 0.00021939737727642172,
      "train_z_std": 0.6157826969465178,
      "train_frac_abs_z_gt_2": 0.013452914798206279,
      "train_frac_abs_z_gt_3": 0.0,
      "target_std": 26268.428212169514,
      "kernel_diag_min": 2.8783400823058845,
      "kernel_diag_max": 2.8783400823058845,
      "noise_standardized": 0.024644567934064224,
      "eig_min": 0.024644567934062375,
      "eig_max": 853.0817834811744,
      "condition_number": 34615.408383852875,
      "loo_rmse_model_space": 0.33141732633349624,
      "loo_mae_model_space": 0.23079945188654571,
      "loo_z_mean": 0.01919324360956751,
      "loo_z_std": 1.035893462966109,
      "loo_frac_abs_z_gt_2": 0.06053811659192825,
      "loo_frac_abs_z_gt_3": 0.006726457399103139,
      "loo_cholesky_jitter": 0.0,
      "old_cont_ls_min": 0.09723685365581557,
      "old_cont_ls_median": 1.266577449154781,
      "old_cont_ls_max": 2.85910083669606,
      "old_cat_ls_min": 0.33046767384905884,
      "old_cat_ls_median": 0.7090342196926456,
      "old_cat_ls_max": 1.1509291718678027,
      "old_outputscale_min": 0.4919553357363713,
      "old_outputscale_median": 0.8272513723046159,
      "old_outputscale_max": 1.30599696502605,
      "acq_pool_size": 512,
      "acq_mc_samples": 64,
      "acq_repeats": 5,
      "acq_value_mean": -47.14335050964538,
      "acq_value_std": 31.888791250052194,
      "acq_per_point_std_mean": 2.8376979221676213,
      "acq_spearman_mean": 0.9995597494735697,
      "acq_spearman_min": 0.9990945721896063,
      "acq_top25_jaccard_mean": 0.9692307692307693,
      "acq_top25_jaccard_min": 0.9230769230769231,
      "acq_finite_fraction": 1.0
    },
    "new_additive_set": {
      "fit_seconds": 7.5917017459869385,
      "mll": -0.1565109504920296,
      "train_rmse": 1605.5067450937252,
      "train_mae": 1123.1313287700755,
      "train_r2": 0.9962560422243797,
      "train_z_mean": -0.00027152675843727063,
      "train_z_std": 0.5007566299135362,
      "train_frac_abs_z_gt_2": 0.006726457399103139,
      "train_frac_abs_z_gt_3": 0.0,
      "target_std": 26268.428212169514,
      "kernel_diag_min": 0.6144399283511972,
      "kernel_diag_max": 2.364524052146814,
      "noise_standardized": 0.010987413876316502,
      "eig_min": 0.010987413876315974,
      "eig_max": 180.00824921162234,
      "condition_number": 16383.13175765963,
      "loo_rmse_model_space": 0.2706420173935597,
      "loo_mae_model_space": 0.1933285706013344,
      "loo_z_mean": 0.004455787240864149,
      "loo_z_std": 1.0010119467196466,
      "loo_frac_abs_z_gt_2": 0.05605381165919283,
      "loo_frac_abs_z_gt_3": 0.002242152466367713,
      "loo_cholesky_jitter": 0.0,
      "new_scale_ess": 0.37256438518705387,
      "new_scale_set": 0.2418755431641433,
      "new_scale_pair": 0.17114810087007556,
      "new_ess_lengthscale": [
        2.05602222075016,
        0.988638006099971
      ],
      "new_conc_lengthscale": {
        "cmc": 0.5886715945068153,
        "peg20k": 0.5392291691633652,
        "dmso": 0.17136669307358532,
        "pl127": 0.32842313971508547,
        "bsa": 0.3385681054432019,
        "pva": 0.7012600102125037,
        "tw80": 0.2019966250815846,
        "glycerol": 0.2275841341333646,
        "tw20": 0.4142579106915271,
        "imidazole": 0.7397827509318432,
        "tx100": 0.4720421466085206,
        "edta": 0.47812715517219895,
        "mgso4": 0.19009894839223396,
        "sucrose": 0.1756084414746777,
        "cacl2": 0.11389404547788513,
        "znso4": 0.5000227361463461,
        "paa": 0.08718567316969186,
        "mncl2": 0.23976024769503307,
        "peg200k": 0.26172861733830055,
        "feso4": 0.16971810078976302,
        "peg6k": 0.34195977699976876,
        "peg400": 0.430559452829249
      },
      "new_main_amp": {
        "cmc": 0.28300858842729537,
        "peg20k": 0.20174519540165103,
        "dmso": 0.22946356432599685,
        "pl127": 0.25859872937932793,
        "bsa": 0.3352407067044261,
        "pva": 0.26162856664143946,
        "tw80": 0.25011266133925497,
        "glycerol": 0.22054857204532888,
        "tw20": 0.2814431016177763,
        "imidazole": 0.7247502297658893,
        "tx100": 0.21370520677843222,
        "edta": 0.26884977564008955,
        "mgso4": 0.2932871319810296,
        "sucrose": 0.2263294610207744,
        "cacl2": 0.9121866087575583,
        "znso4": 0.2417606279372219,
        "paa": 0.2246394712877704,
        "mncl2": 0.25848332479977953,
        "peg200k": 0.2517891268086334,
        "feso4": 0.3824979794536453,
        "peg6k": 0.22771273107648518,
        "peg400": 0.22581502641994278
      },
      "acq_pool_size": 512,
      "acq_mc_samples": 64,
      "acq_repeats": 5,
      "acq_value_mean": -58.01090116410073,
      "acq_value_std": 22.743768967302024,
      "acq_per_point_std_mean": 4.153503614342327,
      "acq_spearman_mean": 0.988969578984562,
      "acq_spearman_min": 0.9674668263123563,
      "acq_top25_jaccard_mean": 0.9692307692307693,
      "acq_top25_jaccard_min": 0.9230769230769231,
      "acq_finite_fraction": 1.0
    }
  }
}