{
  "args": {
    "bo_profile": "default",
    "input": "logs/May_09_full_log/data_corrected.xlsx",
    "sheet": "Corrected Data",
    "target": "intensity",
    "hrp": 0.0001,
    "hrp_atol": 1e-12,
    "filter_ctrl": true,
    "device": "cpu",
    "seed": 123,
    "output_dir": "logs/multiseed_kernel_diag/seed_123",
    "models": [
      "old_mixed_hamming",
      "new_additive_set",
      "baseline_kernel"
    ],
    "k_max": 4,
    "fit_maxiter": 75,
    "training_fit_diagnostics": true,
    "matrix_diagnostics": true,
    "loo_diagnostics": true,
    "kernel_parameter_summary": true,
    "acq_stability_diagnostics": false,
    "stability_mc_samples": 64,
    "stability_repeats": 5,
    "acq_pool_size": 512,
    "skip_candidates": true,
    "q": 32,
    "num_top_subspaces": 40,
    "sobol_max_samples": 512,
    "screen_min_samples": 1,
    "screen_mc_samples": 32,
    "num_restarts": 10,
    "raw_samples": 256,
    "acq_maxiter": 100,
    "refine_mc_samples": 64,
    "eval_batch_size": 256
  },
  "data": {
    "rows_after_filters": 461,
    "target_mean": 85428.2827853377,
    "target_std": 26014.563565290526,
    "target_min": -52.12563452,
    "target_max": 151518.1277267,
    "active_count_dist": {
      "1": 198,
      "2": 231,
      "0": 32
    },
    "rows_any_additive_gt_encoding_hi": 0,
    "additive_gt_encoding_hi_counts": {},
    "raw_rows": 461,
    "unique_encoded_rows": 446,
    "duplicates_merged": 15,
    "encoded_dim": 46,
    "n_additives": 22
  },
  "models": {
    "old_mixed_hamming": {
      "fit_seconds": 7.30987024307251,
      "mll": -0.5958555025189316,
      "train_rmse": 2907.6847878332055,
      "train_mae": 2126.964897064513,
      "train_r2": 0.9877199164426148,
      "train_z_mean": 0.00021939737727642172,
      "train_z_std": 0.6157826969465178,
      "train_frac_abs_z_gt_2": 0.013452914798206279,
      "train_frac_abs_z_gt_3": 0.0,
      "target_std": 26268.428212169514,
      "kernel_diag_min": 2.8783400823058845,
      "kernel_diag_max": 2.8783400823058845,
      "noise_standardized": 0.024644567934064224,
      "eig_min": 0.024644567934062375,
      "eig_max": 853.0817834811744,
      "condition_number": 34615.408383852875,
      "loo_rmse_model_space": 0.33141732633349624,
      "loo_mae_model_space": 0.23079945188654571,
      "loo_z_mean": 0.01919324360956751,
      "loo_z_std": 1.035893462966109,
      "loo_frac_abs_z_gt_2": 0.06053811659192825,
      "loo_frac_abs_z_gt_3": 0.006726457399103139,
      "loo_cholesky_jitter": 0.0,
      "old_cont_ls_min": 0.09723685365581557,
      "old_cont_ls_median": 1.266577449154781,
      "old_cont_ls_max": 2.85910083669606,
      "old_cat_ls_min": 0.33046767384905884,
      "old_cat_ls_median": 0.7090342196926456,
      "old_cat_ls_max": 1.1509291718678027,
      "old_outputscale_min": 0.4919553357363713,
      "old_outputscale_median": 0.8272513723046159,
      "old_outputscale_max": 1.30599696502605
    },
    "new_additive_set": {
      "fit_seconds": 7.303980350494385,
      "mll": -0.16414477397641974,
      "train_rmse": 1583.7282010480299,
      "train_mae": 1098.3015479889066,
      "train_r2": 0.996356926163189,
      "train_z_mean": 0.00018661156510655592,
      "train_z_std": 0.4959595138013999,
      "train_frac_abs_z_gt_2": 0.006726457399103139,
      "train_frac_abs_z_gt_3": 0.0,
      "target_std": 26268.428212169514,
      "kernel_diag_min": 0.5842911710289638,
      "kernel_diag_max": 2.627703501143523,
      "noise_standardized": 0.010905661832976048,
      "eig_min": 0.010905661832975384,
      "eig_max": 172.60509682124803,
      "condition_number": 15827.108841697534,
      "loo_rmse_model_space": 0.271278392206138,
      "loo_mae_model_space": 0.19405838799645644,
      "loo_z_mean": 0.005410956118905325,
      "loo_z_std": 0.9879078751996532,
      "loo_frac_abs_z_gt_2": 0.05829596412556054,
      "loo_frac_abs_z_gt_3": 0.002242152466367713,
      "loo_cholesky_jitter": 0.0,
      "new_scale_ess": 0.3566555304877106,
      "new_scale_set": 0.2276356405412532,
      "new_scale_pair": 0.2073328879722811,
      "new_ess_lengthscale": [
        1.1793399137629685,
        0.7417623881167487
      ],
      "new_conc_lengthscale": {
        "cmc": 0.5720527824570505,
        "peg20k": 0.5266781135567795,
        "dmso": 0.17383006843403767,
        "pl127": 0.35758580818811225,
        "bsa": 0.35235826970048967,
        "pva": 0.6786694705985383,
        "tw80": 0.2134197950845039,
        "glycerol": 0.23081389738180857,
        "tw20": 0.3993106350660216,
        "imidazole": 0.7078414753996068,
        "tx100": 0.483432888028643,
        "edta": 0.44176724838223663,
        "mgso4": 0.17503011157381276,
        "sucrose": 0.17317894156849384,
        "cacl2": 0.10346697362782148,
        "znso4": 0.4647287982327978,
        "paa": 0.08554452542754527,
        "mncl2": 0.19572591017802402,
        "peg200k": 0.2868893686178787,
        "feso4": 0.1755973310482257,
        "peg6k": 0.3403262467322887,
        "peg400": 0.43802256579377724
      },
      "new_main_amp": {
        "cmc": 0.3114238093385588,
        "peg20k": 0.21263761973938283,
        "dmso": 0.24597687849544678,
        "pl127": 0.2645149355755418,
        "bsa": 0.35238414350638786,
        "pva": 0.2896766125540614,
        "tw80": 0.2791512212468468,
        "glycerol": 0.23874589571097438,
        "tw20": 0.3481084281884888,
        "imidazole": 0.8551280672230946,
        "tx100": 0.2327627098964398,
        "edta": 0.30962648756783523,
        "mgso4": 0.3285613143993249,
        "sucrose": 0.24940168094763523,
        "cacl2": 1.0093333278332892,
        "znso4": 0.2814510090271665,
        "paa": 0.28439367381346764,
        "mncl2": 0.27222413136982354,
        "peg200k": 0.27795336511439267,
        "feso4": 0.4389726535549403,
        "peg6k": 0.2534616855213214,
        "peg400": 0.24930466636178533
      }
    },
    "baseline_kernel": {
      "fit_seconds": 4.058605909347534,
      "mll": -0.4681000231372147,
      "train_rmse": 1822.6137121123377,
      "train_mae": 1179.6881667760915,
      "train_r2": 0.9951750153088135,
      "train_z_mean": -0.0013766696401402124,
      "train_z_std": 0.4960880884255914,
      "train_frac_abs_z_gt_2": 0.004484304932735426,
      "train_frac_abs_z_gt_3": 0.002242152466367713,
      "target_std": 26268.428212169514,
      "kernel_diag_min": 0.3747386225481843,
      "kernel_diag_max": 0.3747386225481843,
      "noise_standardized": 0.014419773936129626,
      "eig_min": 0.014419773936129431,
      "eig_max": 12.670850206354697,
      "condition_number": 878.713512602807,
      "loo_rmse_model_space": 0.4676602622727871,
      "loo_mae_model_space": 0.31940230565784317,
      "loo_z_mean": 0.0260579722169029,
      "loo_z_std": 1.05255089836048,
      "loo_frac_abs_z_gt_2": 0.06278026905829596,
      "loo_frac_abs_z_gt_3": 0.011210762331838564,
      "loo_cholesky_jitter": 0.0,
      "baseline_outputscale": 0.3747386225481843,
      "baseline_ess_lengthscale": [
        1.3422206274369726,
        0.773544537715762
      ],
      "baseline_conc_lengthscale": {
        "cmc": 0.552078364760248,
        "peg20k": 0.4432919929459509,
        "dmso": 0.1790471874822194,
        "pl127": 0.3885803038100871,
        "bsa": 0.37492489785385197,
        "pva": 0.535389704093793,
        "tw80": 0.3184956484239494,
        "glycerol": 0.26993481857361923,
        "tw20": 0.202279293776697,
        "imidazole": 0.32009015748551256,
        "tx100": 0.3317630231083291,
        "edta": 0.36889968278823343,
        "mgso4": 0.26359825362548267,
        "sucrose": 0.1654799383586226,
        "cacl2": 0.09773212397160226,
        "znso4": 0.3721773261963308,
        "paa": 0.381581954185995,
        "mncl2": 0.23008871802532765,
        "peg200k": 0.28180085682025463,
        "feso4": 0.3078917402328113,
        "peg6k": 0.3403007436130205,
        "peg400": 0.3470681623012462
      },
      "baseline_theta": 0.8847851543192218
    }
  }
}