{
  "args": {
    "input": "C:\\PyCharm\\Blueness\\logs\\May_10_full_log\\data_corrected.xlsx",
    "sheet": "Corrected Data",
    "target": "intensity",
    "hrp": 0.0001,
    "hrp_atol": 1e-12,
    "filter_ctrl": true,
    "device": "cpu",
    "seed": 42,
    "output_dir": "C:\\PyCharm\\Blueness\\logs\\May_14_full_log\\no_residual_ablation",
    "k_max": 4,
    "fit_maxiter": 75,
    "acq_pool_size": 512,
    "stability_mc_samples": 64,
    "stability_repeats": 5,
    "eval_batch_size": 256
  },
  "data": {
    "rows_after_filters": 461,
    "target_mean": 85428.2827853377,
    "target_std": 26014.563565290526,
    "target_min": -52.12563452,
    "target_max": 151518.1277267,
    "active_count_dist": {
      "1": 198,
      "2": 231,
      "0": 32
    },
    "rows_any_additive_gt_encoding_hi": 0,
    "additive_gt_encoding_hi_counts": {},
    "raw_rows": 461,
    "unique_encoded_rows": 446,
    "duplicates_merged": 15,
    "encoded_dim": 46,
    "n_additives": 22
  },
  "models": {
    "with_residual": {
      "fit_seconds": 5.703926086425781,
      "mll": -0.2315981953277277,
      "train_rmse": 1997.8113947583247,
      "train_mae": 1378.640271288584,
      "train_r2": 0.9942028352222243,
      "train_z_mean": -0.001365221804103339,
      "train_z_std": 0.5040254608056021,
      "train_frac_abs_z_gt_2": 0.004484304932735426,
      "train_frac_abs_z_gt_3": 0.0,
      "target_std": 26268.428212169514,
      "kernel_diag_min": 0.5532170056525578,
      "kernel_diag_max": 0.8218779319637696,
      "noise_standardized": 0.016036774479258838,
      "eig_min": 0.01603677447925841,
      "eig_max": 150.77153671476154,
      "condition_number": 9401.612332315699,
      "loo_rmse_model_space": 0.2704256917056575,
      "loo_mae_model_space": 0.19680949958635707,
      "loo_z_mean": 0.013729941119122676,
      "loo_z_std": 0.9813973475987954,
      "loo_frac_abs_z_gt_2": 0.053811659192825115,
      "loo_frac_abs_z_gt_3": 0.008968609865470852,
      "loo_cholesky_jitter": 0.0,
      "scale_ess": 0.325561840415909,
      "scale_set": 0.20737572426318607,
      "scale_main": 0.12459936008535456,
      "scale_pair": 0.019462206140502643,
      "ess_lengthscale": [
        1.6892750349037857,
        0.7999894453253181
      ],
      "conc_lengthscale": 0.21452867490848399,
      "scale_residual": 0.02027944097346275,
      "acq_pool_size": 512,
      "acq_mc_samples": 64,
      "acq_repeats": 5,
      "acq_value_mean": -61.71219303006349,
      "acq_value_std": 17.08599313211564,
      "acq_per_point_std_mean": 3.2768184028372813,
      "acq_spearman_mean": 0.9897746292100112,
      "acq_spearman_min": 0.9705180295201472,
      "acq_top25_jaccard_mean": 0.8978225478225477,
      "acq_top25_jaccard_min": 0.7857142857142857,
      "acq_finite_fraction": 1.0
    },
    "no_residual": {
      "fit_seconds": 5.884406089782715,
      "mll": -0.23698197422503298,
      "train_rmse": 2030.0049599307645,
      "train_mae": 1409.9596865372366,
      "train_r2": 0.9940144939897461,
      "train_z_mean": -0.001551825604297943,
      "train_z_std": 0.5065674056092103,
      "train_frac_abs_z_gt_2": 0.004484304932735426,
      "train_frac_abs_z_gt_3": 0.0,
      "target_std": 26268.428212169514,
      "kernel_diag_min": 0.5370438465882297,
      "kernel_diag_max": 0.780341808906075,
      "noise_standardized": 0.016406168353181615,
      "eig_min": 0.016406168353181275,
      "eig_max": 127.25122130177947,
      "condition_number": 7756.303517213666,
      "loo_rmse_model_space": 0.27329731109309485,
      "loo_mae_model_space": 0.19816671804129216,
      "loo_z_mean": 0.013692564707456374,
      "loo_z_std": 0.984953392796485,
      "loo_frac_abs_z_gt_2": 0.05829596412556054,
      "loo_frac_abs_z_gt_3": 0.006726457399103139,
      "loo_cholesky_jitter": 0.0,
      "scale_ess": 0.269703075976294,
      "scale_set": 0.26734077061193573,
      "scale_main": 0.11270544514535193,
      "scale_pair": 0.01788707202714147,
      "ess_lengthscale": [
        1.697284292844432,
        0.8227716544159785
      ],
      "conc_lengthscale": 0.20358049026950414,
      "acq_pool_size": 512,
      "acq_mc_samples": 64,
      "acq_repeats": 5,
      "acq_value_mean": -61.84420033026297,
      "acq_value_std": 16.74950278997571,
      "acq_per_point_std_mean": 3.5627189928151166,
      "acq_spearman_mean": 0.9894261731669356,
      "acq_spearman_min": 0.9714230997013081,
      "acq_top25_jaccard_mean": 0.8425975046664702,
      "acq_top25_jaccard_min": 0.7241379310344828,
      "acq_finite_fraction": 1.0
    }
  }
}