{
  "args": {
    "input": "data_corrected.xlsx",
    "sheet": "Corrected Data",
    "target": "intensity",
    "hrp": 0.0001,
    "hrp_atol": 1e-12,
    "filter_ctrl": true,
    "device": "cpu",
    "seed": 42,
    "k_max": 4,
    "fit_maxiter": 2,
    "output_dir": "add_bo_smoke",
    "stability_mc_samples": 8,
    "stability_repeats": 2,
    "acq_pool_size": 16,
    "eval_batch_size": 256,
    "skip_candidates": true,
    "q": 32,
    "num_restarts": 10,
    "raw_samples": 256,
    "acq_maxiter": 100,
    "num_top_subspaces": 40,
    "sobol_max_samples": 512,
    "screen_mc_samples": 32,
    "refine_mc_samples": 64
  },
  "data": {
    "rows_after_filters": 461,
    "target_mean": 85428.2827853377,
    "target_std": 26014.563565290526,
    "target_min": -52.12563452,
    "target_max": 151518.1277267,
    "active_count_dist": {
      "1": 198,
      "2": 231,
      "0": 32
    },
    "rows_any_additive_gt_encoding_hi": 22,
    "additive_gt_encoding_hi_counts": {
      "cmc": 1,
      "peg20k": 1,
      "peg6k": 1,
      "feso4": 1,
      "peg200k": 1,
      "mncl2": 1,
      "paa": 1,
      "znso4": 1,
      "cacl2": 1,
      "sucrose": 1,
      "mgso4": 1,
      "edta": 1,
      "tx100": 1,
      "imidazole": 1,
      "tw20": 1,
      "glycerol": 1,
      "tw80": 1,
      "pva": 1,
      "bsa": 1,
      "pl127": 1,
      "dmso": 1,
      "peg400": 1
    },
    "raw_rows": 461,
    "unique_encoded_rows": 424,
    "duplicates_merged": 37,
    "encoded_dim": 46,
    "n_additives": 22
  },
  "models": {
    "old_mixed_hamming": {
      "fit_seconds": 0.6287186145782471,
      "mll": -0.801318167645991,
      "train_rmse": 5339.335102249441,
      "train_mae": 3743.4350845996814,
      "train_r2": 0.9601664060048243,
      "train_z_mean": 0.000351534635095598,
      "train_z_std": 0.6675227582499327,
      "train_frac_abs_z_gt_2": 0.009433962264150943,
      "train_frac_abs_z_gt_3": 0.0047169811320754715,
      "target_std": 26783.983998231673,
      "kernel_diag_min": 1.8617210265663253,
      "kernel_diag_max": 1.8617210265663253,
      "noise_standardized": 0.07167500681953404,
      "eig_min": 0.07167500681953341,
      "eig_max": 514.0978938758068,
      "condition_number": 7172.624275714767,
      "loo_rmse_model_space": 0.32562623800444407,
      "loo_mae_model_space": 0.23547161782019588,
      "loo_z_mean": -0.0009719049023936717,
      "loo_z_std": 0.9170274119682513,
      "loo_frac_abs_z_gt_2": 0.04009433962264151,
      "loo_frac_abs_z_gt_3": 0.007075471698113208,
      "loo_cholesky_jitter": 0.0,
      "old_cont_ls_min": 0.9981680590288339,
      "old_cont_ls_median": 1.0035601618957668,
      "old_cont_ls_max": 1.0052047158199897,
      "old_cat_ls_min": 0.6928292338072379,
      "old_cat_ls_median": 0.6932065811460879,
      "old_cat_ls_max": 0.6933177199284652,
      "old_outputscale_min": 0.6903899131979869,
      "old_outputscale_median": 0.6918906156458585,
      "old_outputscale_max": 0.6929426225487058,
      "acq_pool_size": 16,
      "acq_mc_samples": 8,
      "acq_repeats": 2,
      "acq_value_mean": -66.54211066335205,
      "acq_value_std": 0.631633974461084,
      "acq_per_point_std_mean": 0.03491648312579665,
      "acq_spearman_mean": 0.9911764705882352,
      "acq_spearman_min": 0.9911764705882352,
      "acq_top25_jaccard_mean": 1.0,
      "acq_top25_jaccard_min": 1.0,
      "acq_finite_fraction": 1.0
    },
    "new_additive_set": {
      "fit_seconds": 0.47931694984436035,
      "mll": -0.513469394930241,
      "train_rmse": 1090.3956045903985,
      "train_mae": 600.9077760625515,
      "train_r2": 0.9983387181516138,
      "train_z_mean": -0.0026225314967572915,
      "train_z_std": 0.34719279788386614,
      "train_frac_abs_z_gt_2": 0.0,
      "train_frac_abs_z_gt_3": 0.0,
      "target_std": 26783.983998231673,
      "kernel_diag_min": 0.5499901633058095,
      "kernel_diag_max": 2.299881268171912,
      "noise_standardized": 0.009202026851818292,
      "eig_min": 0.009202026851893912,
      "eig_max": 94.38034754880266,
      "condition_number": 10256.473825587436,
      "loo_rmse_model_space": 0.28889635804958747,
      "loo_mae_model_space": 0.20355426600710208,
      "loo_z_mean": 0.0043258369501592495,
      "loo_z_std": 0.7875964720103875,
      "loo_frac_abs_z_gt_2": 0.02122641509433962,
      "loo_frac_abs_z_gt_3": 0.01179245283018868,
      "loo_cholesky_jitter": 0.0,
      "new_scale_ess": 0.150001481217184,
      "new_scale_set": 0.3499898440976833,
      "new_scale_main": 0.7499606421650638,
      "new_scale_pair": 0.24996982053597525,
      "new_scale_residual": 0.049998837990942124,
      "new_ess_lengthscale": [
        0.35001070167951037,
        0.3500107306148101
      ],
      "new_conc_lengthscale": 0.25003058716316884,
      "acq_pool_size": 16,
      "acq_mc_samples": 8,
      "acq_repeats": 2,
      "acq_value_mean": -51.71542201603181,
      "acq_value_std": 28.45187386713959,
      "acq_per_point_std_mean": 4.748678891908558,
      "acq_spearman_mean": 0.9823529411764707,
      "acq_spearman_min": 0.9823529411764707,
      "acq_top25_jaccard_mean": 1.0,
      "acq_top25_jaccard_min": 1.0,
      "acq_finite_fraction": 1.0
    }
  }
}