{
  "args": {
    "bo_profile": "fast_candidates",
    "input": "C:\\PyCharm\\Blueness\\logs\\May_10_full_log\\data_corrected.xlsx",
    "sheet": "Corrected Data",
    "target": "intensity",
    "hrp": 0.0001,
    "hrp_atol": 1e-12,
    "filter_ctrl": true,
    "device": "cpu",
    "seed": 42,
    "output_dir": "C:\\PyCharm\\Blueness\\logs\\May_10_full_log\\add_bo_profile_fast_diag",
    "k_max": 4,
    "fit_maxiter": 100,
    "training_fit_diagnostics": true,
    "matrix_diagnostics": true,
    "loo_diagnostics": true,
    "kernel_parameter_summary": true,
    "acq_stability_diagnostics": true,
    "stability_mc_samples": 64,
    "stability_repeats": 5,
    "acq_pool_size": 512,
    "skip_candidates": true,
    "q": 32,
    "num_top_subspaces": 20,
    "sobol_max_samples": 128,
    "screen_mc_samples": 16,
    "num_restarts": 5,
    "raw_samples": 128,
    "acq_maxiter": 50,
    "refine_mc_samples": 32,
    "eval_batch_size": 256
  },
  "data": {
    "rows_after_filters": 461,
    "target_mean": 85428.2827853377,
    "target_std": 26014.563565290526,
    "target_min": -52.12563452,
    "target_max": 151518.1277267,
    "active_count_dist": {
      "1": 198,
      "2": 231,
      "0": 32
    },
    "rows_any_additive_gt_encoding_hi": 0,
    "additive_gt_encoding_hi_counts": {},
    "raw_rows": 461,
    "unique_encoded_rows": 446,
    "duplicates_merged": 15,
    "encoded_dim": 46,
    "n_additives": 22
  },
  "models": {
    "old_mixed_hamming": {
      "fit_seconds": 9.111822843551636,
      "mll": -0.590347044870859,
      "train_rmse": 2841.5657187916886,
      "train_mae": 2067.039808350916,
      "train_r2": 0.9882720506255548,
      "train_z_mean": 0.00010474403463586584,
      "train_z_std": 0.6046343222341197,
      "train_frac_abs_z_gt_2": 0.008968609865470852,
      "train_frac_abs_z_gt_3": 0.0,
      "target_std": 26268.428212169514,
      "kernel_diag_min": 2.702195368269108,
      "kernel_diag_max": 2.702195368269108,
      "noise_standardized": 0.02445739214498322,
      "eig_min": 0.024457392144981813,
      "eig_max": 786.676792842977,
      "condition_number": 32165.195217037395,
      "loo_rmse_model_space": 0.33275908577789254,
      "loo_mae_model_space": 0.23081648830197488,
      "loo_z_mean": 0.023220012161796304,
      "loo_z_std": 1.0174569905834914,
      "loo_frac_abs_z_gt_2": 0.06053811659192825,
      "loo_frac_abs_z_gt_3": 0.004484304932735426,
      "loo_cholesky_jitter": 0.0,
      "old_cont_ls_min": 0.09590051720861537,
      "old_cont_ls_median": 1.312214973061049,
      "old_cont_ls_max": 2.8162173141754177,
      "old_cat_ls_min": 0.29277886320161783,
      "old_cat_ls_median": 0.7086801282879935,
      "old_cat_ls_max": 1.1853253484486028,
      "old_outputscale_min": 0.5709247853178097,
      "old_outputscale_median": 0.7040551138893778,
      "old_outputscale_max": 1.2507051946734475,
      "acq_pool_size": 512,
      "acq_mc_samples": 64,
      "acq_repeats": 5,
      "acq_value_mean": -48.30572078353324,
      "acq_value_std": 31.288377558230238,
      "acq_per_point_std_mean": 4.283603088763796,
      "acq_spearman_mean": 0.9991900323725981,
      "acq_spearman_min": 0.9977848445314198,
      "acq_top25_jaccard_mean": 0.9461538461538461,
      "acq_top25_jaccard_min": 0.9230769230769231,
      "acq_finite_fraction": 1.0
    },
    "new_additive_set": {
      "fit_seconds": 10.2876136302948,
      "mll": -0.2183955284834062,
      "train_rmse": 1967.758929371789,
      "train_mae": 1364.760380159709,
      "train_r2": 0.9943759333755567,
      "train_z_mean": -0.0014542915491830037,
      "train_z_std": 0.4983900124970267,
      "train_frac_abs_z_gt_2": 0.004484304932735426,
      "train_frac_abs_z_gt_3": 0.0,
      "target_std": 26268.428212169514,
      "kernel_diag_min": 2.104407554469595,
      "kernel_diag_max": 2.259005769623613,
      "noise_standardized": 0.015760810524218596,
      "eig_min": 0.015760810524191628,
      "eig_max": 806.6013623742857,
      "condition_number": 51177.65746477409,
      "loo_rmse_model_space": 0.2714213590446828,
      "loo_mae_model_space": 0.1964508054074181,
      "loo_z_mean": 0.014395090944736157,
      "loo_z_std": 0.9888719913600512,
      "loo_frac_abs_z_gt_2": 0.05829596412556054,
      "loo_frac_abs_z_gt_3": 0.006726457399103139,
      "loo_cholesky_jitter": 0.0,
      "new_scale_ess": 1.8082086912873816,
      "new_scale_set": 0.2889240752931524,
      "new_scale_main": 0.077222641371056,
      "new_scale_pair": 0.00015293241190613845,
      "new_scale_residual": 0.007274787889060817,
      "new_ess_lengthscale": [
        3.637025150922378,
        1.190053275394772
      ],
      "new_conc_lengthscale": 0.18112621631617293,
      "acq_pool_size": 512,
      "acq_mc_samples": 64,
      "acq_repeats": 5,
      "acq_value_mean": -63.79205834229475,
      "acq_value_std": 12.731577552283007,
      "acq_per_point_std_mean": 1.5535696500801455,
      "acq_spearman_mean": 0.9982566200747301,
      "acq_spearman_min": 0.9951266758505853,
      "acq_top25_jaccard_mean": 0.8850511557408108,
      "acq_top25_jaccard_min": 0.7241379310344828,
      "acq_finite_fraction": 1.0
    }
  }
}