{
  "args": {
    "input": "C:\\PyCharm\\Blueness\\logs\\Jun_11_full_log\\data_corrected.xlsx",
    "sheet": "Corrected Data",
    "target": "intensity",
    "hrp": 0.0001,
    "hrp_atol": 1e-12,
    "filter_ctrl": true,
    "k_max": 4,
    "device": "cpu",
    "seed": 2,
    "fit_maxiter": 75,
    "models": [
      "baseline_kernel",
      "per_add_alpha",
      "add_composition",
      "baseline_set"
    ]
  },
  "data": {
    "rows_after_filters": 461,
    "target_mean": 85428.2827853377,
    "target_std": 26014.563565290526,
    "target_min": -52.12563452,
    "target_max": 151518.1277267,
    "active_count_dist": {
      "1": 198,
      "2": 231,
      "0": 32
    },
    "rows_any_additive_gt_encoding_hi": 0,
    "additive_gt_encoding_hi_counts": {},
    "raw_rows": 461,
    "unique_encoded_rows": 446,
    "duplicates_merged": 15,
    "encoded_dim": 46,
    "n_additives": 22
  },
  "models": {
    "baseline_kernel": {
      "seed": 2,
      "model": "baseline_kernel",
      "n_params": 27,
      "fit_seconds": 5.431043386459351,
      "mll": -0.31315359331501474,
      "train_rmse": 6474.495489375866,
      "train_mae": 4637.234641311236,
      "train_r2": 0.9391138464706786,
      "train_z_mean": -0.0010913614422537092,
      "train_z_std": 0.8727711368068505,
      "train_frac_abs_z_gt_2": 0.03587443946188341,
      "train_frac_abs_z_gt_3": 0.013452914798206279,
      "target_std": 26268.428212169514,
      "kernel_diag_min": 0.6770398235878037,
      "kernel_diag_max": 0.9703864660907029,
      "noise_standardized": 0.07255091286728703,
      "eig_min": 0.07255091286728543,
      "eig_max": 285.7102822415953,
      "condition_number": 3938.0659863540795,
      "loo_rmse_model_space": 0.2899850504700003,
      "loo_mae_model_space": 0.21161512403827118,
      "loo_z_mean": 0.0009586801714218374,
      "loo_z_std": 0.9800010150916991,
      "loo_frac_abs_z_gt_2": 0.04708520179372197,
      "loo_frac_abs_z_gt_3": 0.017937219730941704,
      "loo_cholesky_jitter": 0.0,
      "baseline_outputscale": 1.1028167007258158,
      "baseline_c0": 0.6139187256977626,
      "baseline_main_scale": 0.13299882125009255,
      "baseline_effective_c0": 0.6770398235878037,
      "baseline_effective_main_scale": 0.14667332125144958,
      "baseline_ess_lengthscale": [
        0.6547052868029574,
        0.08139305279627206
      ],
      "baseline_conc_lengthscale": {
        "cmc": 0.2923338142354956,
        "peg20k": 0.31669773610976587,
        "dmso": 0.14069351183093806,
        "pl127": 0.11679631760868892,
        "bsa": 0.31991519457187145,
        "pva": 0.24721290993597114,
        "tw80": 0.15643427800859094,
        "glycerol": 0.15689773467034923,
        "tw20": 0.29923110342697407,
        "imidazole": 0.08242772107412737,
        "tx100": 0.2605569921856721,
        "edta": 0.30416109773460354,
        "mgso4": 0.293154527923678,
        "sucrose": 0.28201019451230847,
        "cacl2": 0.07530238998498145,
        "znso4": 0.411902681418108,
        "paa": 0.21715192960014945,
        "mncl2": 0.27620704238395566,
        "peg200k": 0.2901198592662109,
        "feso4": 0.26790224791354283,
        "peg6k": 0.30090583249910147,
        "peg400": 0.3150996087753028
      },
      "wall_seconds_including_fit_call": 5.638211488723755
    },
    "per_add_alpha": {
      "seed": 2,
      "model": "per_add_alpha",
      "n_params": 49,
      "fit_seconds": 6.335761547088623,
      "mll": -0.10822421479685758,
      "train_rmse": 1760.7646778807914,
      "train_mae": 1251.1037465027152,
      "train_r2": 0.9954969236765884,
      "train_z_mean": -0.0009416773222809336,
      "train_z_std": 0.5044600514202328,
      "train_frac_abs_z_gt_2": 0.004484304932735426,
      "train_frac_abs_z_gt_3": 0.0,
      "target_std": 26268.428212169514,
      "kernel_diag_min": 0.6421342432928105,
      "kernel_diag_max": 1.3173971825679844,
      "noise_standardized": 0.012760857987819143,
      "eig_min": 0.01276085798781854,
      "eig_max": 156.73066691195137,
      "condition_number": 12282.141769900252,
      "loo_rmse_model_space": 0.27097068732222745,
      "loo_mae_model_space": 0.1946677798635856,
      "loo_z_mean": 0.00579801923656399,
      "loo_z_std": 1.0041040004039272,
      "loo_frac_abs_z_gt_2": 0.06278026905829596,
      "loo_frac_abs_z_gt_3": 0.006726457399103139,
      "loo_cholesky_jitter": 0.0,
      "per_add_alpha_outputscale": 0.5201270991287222,
      "per_add_alpha_c0": 0.6493557519461656,
      "per_add_alpha_effective_c0": 0.33774752356230925,
      "per_add_alpha_ess_lengthscale": [
        1.174151787317041,
        0.682507193531339
      ],
      "per_add_alpha_conc_lengthscale": {
        "cmc": 0.38911783271217887,
        "peg20k": 0.38553766293219743,
        "dmso": 0.31691969595940617,
        "pl127": 0.2532983753928546,
        "bsa": 0.25598806564664933,
        "pva": 0.49211402991647013,
        "tw80": 0.138791053662776,
        "glycerol": 0.23005914896967627,
        "tw20": 0.3905001533501512,
        "imidazole": 0.706045184417768,
        "tx100": 0.3237676016098827,
        "edta": 0.28481428680876336,
        "mgso4": 0.160834796660877,
        "sucrose": 0.12199722459542388,
        "cacl2": 0.12219428413659705,
        "znso4": 0.29422156520166354,
        "paa": 0.08987031095039831,
        "mncl2": 0.1877822860546727,
        "peg200k": 0.21098221579092172,
        "feso4": 0.2084800500107247,
        "peg6k": 0.3004244962331551,
        "peg400": 0.3617133559214999
      },
      "per_add_alpha_alpha": {
        "cmc": 0.18967309693176962,
        "peg20k": 0.12673456350506573,
        "dmso": 0.1603075267260833,
        "pl127": 0.15814822577341256,
        "bsa": 0.2549621553104803,
        "pva": 0.15407662979707254,
        "tw80": 0.14715720329155854,
        "glycerol": 0.13475475046523078,
        "tw20": 0.1204885665056476,
        "imidazole": 0.4609676807196788,
        "tx100": 0.12905196626919635,
        "edta": 0.17024116580757653,
        "mgso4": 0.28187747532354324,
        "sucrose": 0.16359087457605864,
        "cacl2": 0.8372975709973026,
        "znso4": 0.16310240480841895,
        "paa": 0.16234999738868644,
        "mncl2": 0.2587914126193642,
        "peg200k": 0.13463458745427304,
        "feso4": 0.18561212043784608,
        "peg6k": 0.12924198207968568,
        "peg400": 0.12227826709474889
      },
      "per_add_alpha_effective_alpha": {
        "cmc": 0.09865411768988228,
        "peg20k": 0.06591808087523467,
        "dmso": 0.08338028884453783,
        "pl127": 0.0822571779038793,
        "bsa": 0.13261272622924686,
        "pva": 0.08013943049988138,
        "tw80": 0.076540449263934,
        "glycerol": 0.07008959745329532,
        "tw20": 0.06266936857476062,
        "imidazole": 0.23976178256482156,
        "tx100": 0.0671234248524548,
        "edta": 0.08854704372378659,
        "mgso4": 0.14661211354976253,
        "sucrose": 0.08508804703717603,
        "cacl2": 0.4355011567103524,
        "znso4": 0.0848339806739215,
        "paa": 0.08444263318533311,
        "mncl2": 0.13460442672513412,
        "peg200k": 0.0700270974149833,
        "feso4": 0.0965418937664679,
        "peg6k": 0.06722225722475321,
        "peg400": 0.06360024035047883
      },
      "per_add_alpha_alpha_min": 0.1204885665056476,
      "per_add_alpha_alpha_median": 0.1613287620573849,
      "per_add_alpha_alpha_max": 0.8372975709973026,
      "per_add_alpha_effective_alpha_min": 0.06266936857476062,
      "per_add_alpha_effective_alpha_median": 0.08391146101493546,
      "per_add_alpha_effective_alpha_max": 0.4355011567103524,
      "per_add_alpha_set_scale": 0.5852160370809119,
      "per_add_alpha_effective_set_scale": 0.3043867197305014,
      "variant_set_scale": 0.5852160370809119,
      "wall_seconds_including_fit_call": 6.556789875030518
    },
    "add_composition": {
      "seed": 2,
      "model": "add_composition",
      "n_params": 28,
      "fit_seconds": 6.150387525558472,