{
  "args": {
    "input": ".\\May_9_add\\data_corrected.xlsx",
    "sheet": "Corrected Data",
    "target": "intensity",
    "hrp": 0.0001,
    "hrp_atol": 1e-12,
    "filter_ctrl": true,
    "device": "cpu",
    "seed": 42,
    "k_max": 4,
    "fit_maxiter": 75,
    "output_dir": ".\\May_9_add\\add_bo_compare_diag",
    "stability_mc_samples": 64,
    "stability_repeats": 5,
    "acq_pool_size": 512,
    "eval_batch_size": 256,
    "skip_candidates": true,
    "q": 32,
    "num_restarts": 10,
    "raw_samples": 256,
    "acq_maxiter": 100,
    "num_top_subspaces": 40,
    "sobol_max_samples": 512,
    "screen_mc_samples": 32,
    "refine_mc_samples": 64
  },
  "data": {
    "rows_after_filters": 461,
    "target_mean": 85428.2827853377,
    "target_std": 26014.563565290526,
    "target_min": -52.12563452,
    "target_max": 151518.1277267,
    "active_count_dist": {
      "1": 198,
      "2": 231,
      "0": 32
    },
    "rows_any_additive_gt_encoding_hi": 22,
    "additive_gt_encoding_hi_counts": {
      "cmc": 1,
      "peg20k": 1,
      "peg6k": 1,
      "feso4": 1,
      "peg200k": 1,
      "mncl2": 1,
      "paa": 1,
      "znso4": 1,
      "cacl2": 1,
      "sucrose": 1,
      "mgso4": 1,
      "edta": 1,
      "tx100": 1,
      "imidazole": 1,
      "tw20": 1,
      "glycerol": 1,
      "tw80": 1,
      "pva": 1,
      "bsa": 1,
      "pl127": 1,
      "dmso": 1,
      "peg400": 1
    },
    "raw_rows": 461,
    "unique_encoded_rows": 424,
    "duplicates_merged": 37,
    "encoded_dim": 46,
    "n_additives": 22
  },
  "models": {
    "old_mixed_hamming": {
      "fit_seconds": 6.7795915603637695,
      "mll": -0.5900773823646351,
      "train_rmse": 2743.6074610708592,
      "train_mae": 2024.1339491329602,
      "train_r2": 0.9894823410045257,
      "train_z_mean": 0.0004701428471939978,
      "train_z_std": 0.5904346259653604,
      "train_frac_abs_z_gt_2": 0.01179245283018868,
      "train_frac_abs_z_gt_3": 0.0023584905660377358,
      "target_std": 26783.983998231673,
      "kernel_diag_min": 3.2012018164770186,
      "kernel_diag_max": 3.2012018164770186,
      "noise_standardized": 0.02269409668329305,
      "eig_min": 0.022694096683279874,
      "eig_max": 986.4444083411717,
      "condition_number": 43467.004750532564,
      "loo_rmse_model_space": 0.32148213149423943,
      "loo_mae_model_space": 0.22769792171383377,
      "loo_z_mean": 0.013689818079177784,
      "loo_z_std": 1.0270615516692256,
      "loo_frac_abs_z_gt_2": 0.05660377358490566,
      "loo_frac_abs_z_gt_3": 0.007075471698113208,
      "loo_cholesky_jitter": 0.0,
      "old_cont_ls_min": 0.1325588670577134,
      "old_cont_ls_median": 1.4997450681560083,
      "old_cont_ls_max": 8.560266119290151,
      "old_cat_ls_min": 0.2470325101783061,
      "old_cat_ls_median": 0.7172943551959707,
      "old_cat_ls_max": 1.2058698748958552,
      "old_outputscale_min": 0.7587713893764898,
      "old_outputscale_median": 1.0187908584442242,
      "old_outputscale_max": 1.397381569393268,
      "acq_pool_size": 512,
      "acq_mc_samples": 64,
      "acq_repeats": 5,
      "acq_value_mean": -64.17014059644006,
      "acq_value_std": 13.617658760954997,
      "acq_per_point_std_mean": 0.5994917954194439,
      "acq_spearman_mean": 0.99971965444433,
      "acq_spearman_min": 0.9991721777331456,
      "acq_top25_jaccard_mean": 0.9110500610500611,
      "acq_top25_jaccard_min": 0.7857142857142857,
      "acq_finite_fraction": 1.0
    },
    "new_additive_set": {
      "fit_seconds": 6.425575017929077,
      "mll": -0.19229288590966798,
      "train_rmse": 1436.7683441740196,
      "train_mae": 973.494230260229,
      "train_r2": 0.9971156454933523,
      "train_z_mean": -0.001033031464488943,
      "train_z_std": 0.43403653988830593,
      "train_frac_abs_z_gt_2": 0.0023584905660377358,
      "train_frac_abs_z_gt_3": 0.0,
      "target_std": 26783.983998231673,
      "kernel_diag_min": 3.0958728871526873,
      "kernel_diag_max": 3.2000189438708486,
      "noise_standardized": 0.010494731144753015,
      "eig_min": 0.010494731144735172,
      "eig_max": 1180.0501050264397,
      "condition_number": 112442.14727867786,
      "loo_rmse_model_space": 0.26381758492141694,
      "loo_mae_model_space": 0.1905606765312298,
      "loo_z_mean": 0.017713327457681532,
      "loo_z_std": 0.9649019420020658,
      "loo_frac_abs_z_gt_2": 0.05188679245283019,
      "loo_frac_abs_z_gt_3": 0.007075471698113208,
      "loo_cholesky_jitter": 0.0,
      "new_scale_ess": 2.785860302368343,
      "new_scale_set": 0.3020227470519127,
      "new_scale_main": 0.05197055225624113,
      "new_scale_pair": 0.00020495220567909864,
      "new_scale_residual": 0.007989837732431693,
      "new_ess_lengthscale": [
        4.599776751203302,
        2.0989181703038744
      ],
      "new_conc_lengthscale": 0.1886098657344979,
      "acq_pool_size": 512,
      "acq_mc_samples": 64,
      "acq_repeats": 5,
      "acq_value_mean": -65.10010632658695,
      "acq_value_std": 8.891852041078414,
      "acq_per_point_std_mean": 0.5165954760703986,
      "acq_spearman_mean": 0.9996102109583319,
      "acq_spearman_min": 0.9987899614904843,
      "acq_top25_jaccard_mean": 0.8666666666666666,
      "acq_top25_jaccard_min": 0.6666666666666666,
      "acq_finite_fraction": 1.0
    }
  }
}