{
  "args": {
    "bo_profile": "default",
    "input": ".\\logs\\May_10_full_log\\data_corrected.xlsx",
    "sheet": "Corrected Data",
    "target": "intensity",
    "hrp": 0.0001,
    "hrp_atol": 1e-12,
    "filter_ctrl": true,
    "device": "cpu",
    "seed": 42,
    "output_dir": ".\\logs\\additive_scale_prior_test",
    "models": [
      "new_additive_set"
    ],
    "k_max": 4,
    "fit_maxiter": 75,
    "training_fit_diagnostics": true,
    "matrix_diagnostics": true,
    "loo_diagnostics": false,
    "kernel_parameter_summary": true,
    "acq_stability_diagnostics": false,
    "stability_mc_samples": 64,
    "stability_repeats": 5,
    "acq_pool_size": 512,
    "skip_candidates": true,
    "q": 32,
    "num_top_subspaces": 40,
    "sobol_max_samples": 512,
    "screen_mc_samples": 32,
    "num_restarts": 10,
    "raw_samples": 256,
    "acq_maxiter": 100,
    "refine_mc_samples": 64,
    "eval_batch_size": 256
  },
  "data": {
    "rows_after_filters": 461,
    "target_mean": 85428.2827853377,
    "target_std": 26014.563565290526,
    "target_min": -52.12563452,
    "target_max": 151518.1277267,
    "active_count_dist": {
      "1": 198,
      "2": 231,
      "0": 32
    },
    "rows_any_additive_gt_encoding_hi": 0,
    "additive_gt_encoding_hi_counts": {},
    "raw_rows": 461,
    "unique_encoded_rows": 446,
    "duplicates_merged": 15,
    "encoded_dim": 46,
    "n_additives": 22
  },
  "models": {
    "new_additive_set": {
      "fit_seconds": 7.8572516441345215,
      "mll": -0.2315981953277277,
      "train_rmse": 1997.8113947583247,
      "train_mae": 1378.640271288584,
      "train_r2": 0.9942028352222243,
      "train_z_mean": -0.001365221804103339,
      "train_z_std": 0.5040254608056021,
      "train_frac_abs_z_gt_2": 0.004484304932735426,
      "train_frac_abs_z_gt_3": 0.0,
      "target_std": 26268.428212169514,
      "kernel_diag_min": 0.5532170056525578,
      "kernel_diag_max": 0.8218779319637696,
      "noise_standardized": 0.016036774479258838,
      "eig_min": 0.01603677447925841,
      "eig_max": 150.77153671476154,
      "condition_number": 9401.612332315699,
      "new_scale_ess": 0.325561840415909,
      "new_scale_set": 0.20737572426318607,
      "new_scale_main": 0.12459936008535456,
      "new_scale_pair": 0.019462206140502643,
      "new_scale_residual": 0.02027944097346275,
      "new_ess_lengthscale": [
        1.6892750349037857,
        0.7999894453253181
      ],
      "new_conc_lengthscale": 0.21452867490848399
    }
  }
}