model,fit_seconds,mll,train_rmse,train_mae,train_r2,train_z_mean,train_z_std,train_frac_abs_z_gt_2,train_frac_abs_z_gt_3,target_std,kernel_diag_min,kernel_diag_max,noise_standardized,eig_min,eig_max,condition_number,new_scale_ess,new_scale_set,new_scale_main,new_scale_pair,new_scale_residual,new_ess_lengthscale,new_conc_lengthscale
new_additive_set,7.8572516441345215,-0.2315981953277277,1997.8113947583247,1378.640271288584,0.9942028352222243,-0.001365221804103339,0.5040254608056021,0.004484304932735426,0.0,26268.428212169514,0.5532170056525578,0.8218779319637696,0.016036774479258838,0.01603677447925841,150.77153671476154,9401.612332315699,0.325561840415909,0.20737572426318607,0.12459936008535456,0.019462206140502643,0.02027944097346275,"[1.6892750349037857, 0.7999894453253181]",0.21452867490848399
