{
  "args": {
    "input": "logs/May_10_full_log/data_corrected.xlsx",
    "sheet": "Corrected Data",
    "target": "intensity",
    "hrp": 0.0001,
    "hrp_atol": 1e-12,
    "filter_ctrl": true,
    "device": "cpu",
    "seed": 42,
    "k_max": 4,
    "fit_maxiter": 75,
    "output_dir": "logs/May_13_full_log/three_kernel_comparison/add_bo_mod_diag",
    "stability_mc_samples": 64,
    "stability_repeats": 5,
    "acq_pool_size": 512,
    "eval_batch_size": 256,
    "skip_candidates": true,
    "q": 32,
    "num_restarts": 10,
    "raw_samples": 256,
    "acq_maxiter": 100,
    "num_top_subspaces": 40,
    "sobol_max_samples": 512,
    "screen_mc_samples": 32,
    "refine_mc_samples": 64
  },
  "data": {
    "rows_after_filters": 461,
    "target_mean": 85428.2827853377,
    "target_std": 26014.563565290526,
    "target_min": -52.12563452,
    "target_max": 151518.1277267,
    "active_count_dist": {
      "1": 198,
      "2": 231,
      "0": 32
    },
    "rows_any_additive_gt_encoding_hi": 0,
    "additive_gt_encoding_hi_counts": {},
    "raw_rows": 461,
    "unique_encoded_rows": 446,
    "duplicates_merged": 15,
    "encoded_dim": 46,
    "n_additives": 22
  },
  "models": {
    "old_mixed_hamming": {
      "mll": -0.5958555025189316,
      "train_rmse": 2907.6847878332055,
      "train_mae": 2126.964897064513,
      "train_r2": 0.9877199164426148,
      "train_z_mean": 0.00021939737727642172,
      "train_z_std": 0.6157826969465178,
      "train_frac_abs_z_gt_2": 0.013452914798206279,
      "train_frac_abs_z_gt_3": 0.0,
      "target_std": 26268.428212169514,
      "kernel_diag_min": 2.8783400823058845,
      "kernel_diag_max": 2.8783400823058845,
      "noise_standardized": 0.024644567934064224,
      "eig_min": 0.024644567934062375,
      "eig_max": 853.0817834811744,
      "condition_number": 34615.408383852875,
      "loo_rmse_model_space": 0.33141732633349624,
      "loo_mae_model_space": 0.23079945188654571,
      "loo_z_mean": 0.01919324360956751,
      "loo_z_std": 1.035893462966109,
      "loo_frac_abs_z_gt_2": 0.06053811659192825,
      "loo_frac_abs_z_gt_3": 0.006726457399103139,
      "loo_cholesky_jitter": 0.0,
      "old_cont_ls_min": 0.09723685365581557,
      "old_cont_ls_median": 1.266577449154781,
      "old_cont_ls_max": 2.85910083669606,
      "old_cat_ls_min": 0.33046767384905884,
      "old_cat_ls_median": 0.7090342196926456,
      "old_cat_ls_max": 1.1509291718678027,
      "old_outputscale_min": 0.4919553357363713,
      "old_outputscale_median": 0.8272513723046159,
      "old_outputscale_max": 1.30599696502605,
      "acq_pool_size": 512,
      "acq_mc_samples": 64,
      "acq_repeats": 5,
      "acq_value_mean": -47.14335050964538,
      "acq_value_std": 31.888791250052194,
      "acq_per_point_std_mean": 2.8376979221676213,
      "acq_spearman_mean": 0.9995597494735697,
      "acq_spearman_min": 0.9990945721896063,
      "acq_top25_jaccard_mean": 0.9692307692307693,
      "acq_top25_jaccard_min": 0.9230769230769231,
      "acq_finite_fraction": 1.0
    },
    "hierarchical_family_prior": {
      "mll": -0.07212937386510361,
      "train_rmse": 5724.2454103015725,
      "train_mae": 4251.260079397327,
      "train_r2": 0.9524069911050292,
      "train_z_mean": -0.0005440971495033123,
      "train_z_std": 0.9538628945766199,
      "train_frac_abs_z_gt_2": 0.042600896860986545,
      "train_frac_abs_z_gt_3": 0.008968609865470852,
      "target_std": 26268.428212169514,
      "kernel_diag_min": 1.1121552196393365,
      "kernel_diag_max": 1.1229777973500659,
      "noise_standardized": 0.04935619918392535,
      "eig_min": 0.049356199183923664,
      "eig_max": 279.31650564849855,
      "condition_number": 5659.198039290629,
      "loo_rmse_model_space": 0.23214399272695527,
      "loo_mae_model_space": 0.17295327191731993,
      "loo_z_mean": -0.0011336143153784747,
      "loo_z_std": 1.013266026195525,
      "loo_frac_abs_z_gt_2": 0.04484304932735426,
      "loo_frac_abs_z_gt_3": 0.013452914798206279,
      "loo_cholesky_jitter": 0.0,
      "mod_scale_const": 0.11215521963933643,
      "mod_scale_id": 0.19883520914806208,
      "mod_scale_family": 0.1297741432848753,
      "mod_scale_mw": 0.18023144123465332,
      "mod_scale_same_conc": 0.010822577710729083,
      "mod_ess_lengthscale": [
        1.0130581100295768,
        0.8898915121090908
      ],
      "mod_same_conc_lengthscale": 0.9402380865052086,
      "mod_mw_lengthscale": 1.7251101269514357,
      "mod_mean_ess_weight_norm": 1.4070569490098312,
      "mod_mean_single_family_norm": 1.654266796489889,
      "mod_mean_single_id_norm": 3.0176053965076304,
      "mod_mean_pair_family_norm": 1.8815615145384075,
      "mod_mean_pair_id_norm": 1.7807066314051496,
      "mod_mean_pair_env": [
        0.15778196776540573,
        0.12492811178274192,
        0.05271104277548446
      ],
      "acq_pool_size": 512,
      "acq_mc_samples": 64,
      "acq_repeats": 5,
      "acq_value_mean": -59.990048355526866,
      "acq_value_std": 20.04404123246165,
      "acq_per_point_std_mean": 3.3282418978752166,
      "acq_spearman_mean": 0.9914309174763393,
      "acq_spearman_min": 0.9762713898044197,
      "acq_top25_jaccard_mean": 0.8712012125805229,
      "acq_top25_jaccard_min": 0.7241379310344828,
      "acq_finite_fraction": 1.0
    }
  }
}