TMB,H2O2,predicted_value,uncertainty_std,default_observation_std
1.0,0.007185004487464596,7471.123451046115,881.3115155276874,908.5647652813045
