TMB,H2O2,predicted_value,uncertainty_std,default_observation_std
0.2908753266945837,0.22633811194823786,400.08611710007335,181.08562354978346,183.53760324319012
