TMB,H2O2,predicted_value,uncertainty_std,default_observation_std
0.6959191370622678,0.13423123312435792,10937.869404696456,732.1488199901931,879.8394520216151
