TMB,H2O2,predicted_value,uncertainty_std,default_observation_std
1.0,0.00720781516588301,7482.348521276349,872.1321551225125,899.6667539179875
