TMB,H2O2,predicted_value,uncertainty_std,default_observation_std
0.6947180408112059,0.13447909079542536,11234.798314826156,653.4301487248151,815.5038479266653
