TMB,H2O2,predicted_value,uncertainty_std,default_observation_std
0.2910558878795656,0.22400685609564502,399.7292488526758,181.11775129400561,183.56930184984103
