{
  "args": {
    "bo_profile": "strong_candidates",
    "input": "C:\\PyCharm\\Blueness\\logs\\May_10_full_log\\data_corrected.xlsx",
    "sheet": "Corrected Data",
    "target": "intensity",
    "hrp": 0.0001,
    "hrp_atol": 1e-12,
    "filter_ctrl": true,
    "device": "cpu",
    "seed": 42,
    "output_dir": "C:\\PyCharm\\Blueness\\logs\\May_11_full_log\\strong_fit_diag",
    "models": [
      "new_additive_set"
    ],
    "k_max": 4,
    "fit_maxiter": 250,
    "training_fit_diagnostics": true,
    "matrix_diagnostics": true,
    "loo_diagnostics": true,
    "kernel_parameter_summary": true,
    "acq_stability_diagnostics": true,
    "stability_mc_samples": 64,
    "stability_repeats": 5,
    "acq_pool_size": 512,
    "skip_candidates": true,
    "q": 32,
    "num_top_subspaces": 80,
    "sobol_max_samples": 1024,
    "screen_mc_samples": 64,
    "num_restarts": 20,
    "raw_samples": 512,
    "acq_maxiter": 200,
    "refine_mc_samples": 128,
    "eval_batch_size": 256
  },
  "data": {
    "rows_after_filters": 461,
    "target_mean": 85428.2827853377,
    "target_std": 26014.563565290526,
    "target_min": -52.12563452,
    "target_max": 151518.1277267,
    "active_count_dist": {
      "1": 198,
      "2": 231,
      "0": 32
    },
    "rows_any_additive_gt_encoding_hi": 0,
    "additive_gt_encoding_hi_counts": {},
    "raw_rows": 461,
    "unique_encoded_rows": 446,
    "duplicates_merged": 15,
    "encoded_dim": 46,
    "n_additives": 22
  },
  "models": {
    "new_additive_set": {
      "fit_seconds": 12.966134786605835,
      "mll": -0.21831342040674911,
      "train_rmse": 1969.3285582395981,
      "train_mae": 1366.5284540015198,
      "train_r2": 0.9943669574608693,
      "train_z_mean": -0.0013949724920300048,
      "train_z_std": 0.49836991864927827,
      "train_frac_abs_z_gt_2": 0.004484304932735426,
      "train_frac_abs_z_gt_3": 0.0,
      "target_std": 26268.428212169514,
      "kernel_diag_min": 2.255771139886266,
      "kernel_diag_max": 2.41095344534145,
      "noise_standardized": 0.01578307539345835,
      "eig_min": 0.015783075393430383,
      "eig_max": 873.8710573292647,
      "condition_number": 55367.60330581761,
      "loo_rmse_model_space": 0.27128190491234455,
      "loo_mae_model_space": 0.19641091488943152,
      "loo_z_mean": 0.01428553699990115,
      "loo_z_std": 0.9890391432621297,
      "loo_frac_abs_z_gt_2": 0.05829596412556054,
      "loo_frac_abs_z_gt_3": 0.006726457399103139,
      "loo_cholesky_jitter": 0.0,
      "new_scale_ess": 1.963030252569667,
      "new_scale_set": 0.2840920280833288,
      "new_scale_main": 0.07754848181385465,
      "new_scale_pair": 8.534182747453145e-05,
      "new_scale_residual": 0.008648859233270002,
      "new_ess_lengthscale": [
        4.243309013583984,
        1.1238863580883434
      ],
      "new_conc_lengthscale": 0.18219221820033357,
      "acq_pool_size": 512,
      "acq_mc_samples": 64,
      "acq_repeats": 5,
      "acq_value_mean": -63.70408176829649,
      "acq_value_std": 12.953671393089374,
      "acq_per_point_std_mean": 1.4686470164467211,
      "acq_spearman_mean": 0.998449829267804,
      "acq_spearman_min": 0.9956109952392396,
      "acq_top25_jaccard_mean": 0.8225443139236244,
      "acq_top25_jaccard_min": 0.6666666666666666,
      "acq_finite_fraction": 1.0
    }
  }
}