model,fit_seconds,mll
per_add_alpha,0.4176454544067383,-0.26193585224035437
