{
  "args": {
    "bo_profile": "fast_candidates",
    "input": "C:\\PyCharm\\Blueness\\logs\\May_10_full_log\\data_corrected.xlsx",
    "sheet": "Corrected Data",
    "target": "intensity",
    "hrp": 0.0001,
    "hrp_atol": 1e-12,
    "filter_ctrl": true,
    "device": "cpu",
    "seed": 42,
    "output_dir": "C:\\PyCharm\\Blueness\\logs\\May_11_full_log\\fast_fit_diag",
    "models": [
      "new_additive_set"
    ],
    "k_max": 4,
    "fit_maxiter": 100,
    "training_fit_diagnostics": true,
    "matrix_diagnostics": true,
    "loo_diagnostics": true,
    "kernel_parameter_summary": true,
    "acq_stability_diagnostics": true,
    "stability_mc_samples": 64,
    "stability_repeats": 5,
    "acq_pool_size": 512,
    "skip_candidates": true,
    "q": 32,
    "num_top_subspaces": 20,
    "sobol_max_samples": 128,
    "screen_mc_samples": 16,
    "num_restarts": 5,
    "raw_samples": 128,
    "acq_maxiter": 50,
    "refine_mc_samples": 32,
    "eval_batch_size": 256
  },
  "data": {
    "rows_after_filters": 461,
    "target_mean": 85428.2827853377,
    "target_std": 26014.563565290526,
    "target_min": -52.12563452,
    "target_max": 151518.1277267,
    "active_count_dist": {
      "1": 198,
      "2": 231,
      "0": 32
    },
    "rows_any_additive_gt_encoding_hi": 0,
    "additive_gt_encoding_hi_counts": {},
    "raw_rows": 461,
    "unique_encoded_rows": 446,
    "duplicates_merged": 15,
    "encoded_dim": 46,
    "n_additives": 22
  },
  "models": {
    "new_additive_set": {
      "fit_seconds": 10.162047624588013,
      "mll": -0.2183955284834062,
      "train_rmse": 1967.758929371789,
      "train_mae": 1364.760380159709,
      "train_r2": 0.9943759333755567,
      "train_z_mean": -0.0014542915491830037,
      "train_z_std": 0.4983900124970267,
      "train_frac_abs_z_gt_2": 0.004484304932735426,
      "train_frac_abs_z_gt_3": 0.0,
      "target_std": 26268.428212169514,
      "kernel_diag_min": 2.104407554469595,
      "kernel_diag_max": 2.259005769623613,
      "noise_standardized": 0.015760810524218596,
      "eig_min": 0.015760810524191628,
      "eig_max": 806.6013623742857,
      "condition_number": 51177.65746477409,
      "loo_rmse_model_space": 0.2714213590446828,
      "loo_mae_model_space": 0.1964508054074181,
      "loo_z_mean": 0.014395090944736157,
      "loo_z_std": 0.9888719913600512,
      "loo_frac_abs_z_gt_2": 0.05829596412556054,
      "loo_frac_abs_z_gt_3": 0.006726457399103139,
      "loo_cholesky_jitter": 0.0,
      "new_scale_ess": 1.8082086912873816,
      "new_scale_set": 0.2889240752931524,
      "new_scale_main": 0.077222641371056,
      "new_scale_pair": 0.00015293241190613845,
      "new_scale_residual": 0.007274787889060817,
      "new_ess_lengthscale": [
        3.637025150922378,
        1.190053275394772
      ],
      "new_conc_lengthscale": 0.18112621631617293,
      "acq_pool_size": 512,
      "acq_mc_samples": 64,
      "acq_repeats": 5,
      "acq_value_mean": -63.75742983578692,
      "acq_value_std": 12.798093750517289,
      "acq_per_point_std_mean": 1.4725487628277698,
      "acq_spearman_mean": 0.9984817834397639,
      "acq_spearman_min": 0.9956704510992093,
      "acq_top25_jaccard_mean": 0.9142857142857144,
      "acq_top25_jaccard_min": 0.7857142857142857,
      "acq_finite_fraction": 1.0
    }
  }
}