HRP,source_run,n_conditions,condition_mean_AUC_mean,condition_mean_AUC_max,condition_sd_median,condition_sd_max
1,LHS,32,1831.294850491752,6992.457868020306,68.26051527141459,805.6444305648859
1,BO1,32,1847.583449000635,6573.355964467006,64.01353415508959,1588.8205253809067
1,BO2,32,850.8051911484777,10651.158756345178,72.94527296932712,757.6010835610756
0.01,LHS,32,1893.4874801713204,7486.619860406093,78.45711238273208,1436.2050751806403
0.01,BO1,32,1689.2297489689092,8722.89758883249,55.0155729789965,1211.6401903440449
0.01,BO2,32,974.3876685437822,6962.155837563452,103.21865036810965,1433.2695326943458
0.0001,LHS,32,1423.4733363737316,2370.605837563453,55.05281037986495,180.8270852369671
0.0001,BO1,32,101.39487626903593,468.72906091370606,39.011241299958535,105.77998379767193
0.0001,BO2,32,-22.877413150380306,438.80532994923885,41.381470268040175,105.08108181341804
