{
  "args": {
    "input": "logs/Jun_11_full_log/data_corrected.xlsx",
    "sheet": "Corrected Data",
    "target": "intensity",
    "hrp": 0.0001,
    "hrp_atol": 1e-12,
    "filter_ctrl": true,
    "k_max": 4,
    "device": "cpu",
    "seeds": [
      0,
      1,
      2,
      3,
      4,
      5,
      6,
      7,
      8,
      9
    ],
    "fit_maxiter": 75,
    "output_dir": "logs/Jun_11_full_log/add_bo_additive_block_gp_loocv",
    "previous_rows": "logs/May_09_full_log/add_bo_per_add_theta_gp_loocv/comparison_all_seed_diagnostics.csv",
    "no_previous_rows": false
  },
  "data": {
    "rows_after_filters": 461,
    "target_mean": 85428.2827853377,
    "target_std": 26014.563565290526,
    "target_min": -52.12563452,
    "target_max": 151518.1277267,
    "active_count_dist": {
      "1": 198,
      "2": 231,
      "0": 32
    },
    "rows_any_additive_gt_encoding_hi": 0,
    "additive_gt_encoding_hi_counts": {},
    "raw_rows": 461,
    "unique_encoded_rows": 446,
    "duplicates_merged": 15,
    "encoded_dim": 46,
    "n_additives": 22
  },
  "models": {
    "additive_block_kernel": {
      "seed": 8,
      "model": "additive_block_kernel",
      "fit_seconds": 5.665729284286499,
      "mll": -0.31315359331501474,
      "wall_seconds_including_fit_call": 5.684185743331909,
      "train_rmse": 6474.495489375866,
      "train_mae": 4637.234641311236,
      "train_r2": 0.9391138464706786,
      "train_z_mean": -0.0010913614422537092,
      "train_z_std": 0.8727711368068505,
      "train_frac_abs_z_gt_2": 0.03587443946188341,
      "train_frac_abs_z_gt_3": 0.013452914798206279,
      "target_std": 26268.428212169514,
      "kernel_diag_min": 0.6770398235878037,
      "kernel_diag_max": 0.9703864660907029,
      "noise_standardized": 0.07255091286728703,
      "eig_min": 0.07255091286728543,
      "eig_max": 285.7102822415953,
      "condition_number": 3938.0659863540795,
      "loo_rmse_model_space": 0.2899850504700003,
      "loo_mae_model_space": 0.21161512403827118,
      "loo_z_mean": 0.0009586801714218374,
      "loo_z_std": 0.9800010150916991,
      "loo_frac_abs_z_gt_2": 0.04708520179372197,
      "loo_frac_abs_z_gt_3": 0.017937219730941704,
      "loo_cholesky_jitter": 0.0,
      "additive_block_outputscale": 1.1028167007258158,
      "additive_block_c0": 0.6139187256977626,
      "additive_block_main_scale": 0.13299882125009255,
      "additive_block_effective_c0": 0.6770398235878037,
      "additive_block_effective_main_scale": 0.14667332125144958,
      "additive_block_ess_lengthscale": [
        0.6547052868029574,
        0.08139305279627206
      ],
      "additive_block_conc_lengthscale": {
        "cmc": 0.2923338142354956,
        "peg20k": 0.31669773610976587,
        "dmso": 0.14069351183093806,
        "pl127": 0.11679631760868892,
        "bsa": 0.31991519457187145,
        "pva": 0.24721290993597114,
        "tw80": 0.15643427800859094,
        "glycerol": 0.15689773467034923,
        "tw20": 0.29923110342697407,
        "imidazole": 0.08242772107412737,
        "tx100": 0.2605569921856721,
        "edta": 0.30416109773460354,
        "mgso4": 0.293154527923678,
        "sucrose": 0.28201019451230847,
        "cacl2": 0.07530238998498145,
        "znso4": 0.411902681418108,
        "paa": 0.21715192960014945,
        "mncl2": 0.27620704238395566,
        "peg200k": 0.2901198592662109,
        "feso4": 0.26790224791354283,
        "peg6k": 0.30090583249910147,
        "peg400": 0.3150996087753028
      }
    }
  }
}