TMB,H2O2,predicted_value,uncertainty_std,default_observation_std
1.0,0.007150633790809423,7461.129597472694,893.9288134284833,993.7169225612479
