TMB,H2O2,predicted_value,uncertainty_std,default_observation_std
0.29035257230971195,0.23391231556167108,400.2366897037176,181.5679407655905,190.85206310919253
