TMB,H2O2,predicted_value,uncertainty_std,default_observation_std
0.6962539899270811,0.1341123084579656,10702.893499346173,783.4651501757396,1230.754717522056
