{
  "args": {
    "bo_profile": "default",
    "input": "C:\\PyCharm\\Blueness\\logs\\May_10_full_log\\data_corrected.xlsx",
    "sheet": "Corrected Data",
    "target": "intensity",
    "hrp": 0.0001,
    "hrp_atol": 1e-12,
    "filter_ctrl": true,
    "device": "cpu",
    "seed": 42,
    "output_dir": "logs\\kernel_compare_2026_05_12\\add_bo",
    "models": [
      "old_mixed_hamming",
      "new_additive_set"
    ],
    "k_max": 4,
    "fit_maxiter": 75,
    "training_fit_diagnostics": true,
    "matrix_diagnostics": true,
    "loo_diagnostics": true,
    "kernel_parameter_summary": true,
    "acq_stability_diagnostics": true,
    "stability_mc_samples": 64,
    "stability_repeats": 5,
    "acq_pool_size": 512,
    "skip_candidates": true,
    "q": 32,
    "num_top_subspaces": 40,
    "sobol_max_samples": 512,
    "screen_min_samples": 1,
    "screen_mc_samples": 32,
    "num_restarts": 10,
    "raw_samples": 256,
    "acq_maxiter": 100,
    "refine_mc_samples": 64,
    "eval_batch_size": 256
  },
  "data": {
    "rows_after_filters": 461,
    "target_mean": 85428.2827853377,
    "target_std": 26014.563565290526,
    "target_min": -52.12563452,
    "target_max": 151518.1277267,
    "active_count_dist": {
      "1": 198,
      "2": 231,
      "0": 32
    },
    "rows_any_additive_gt_encoding_hi": 0,
    "additive_gt_encoding_hi_counts": {},
    "raw_rows": 461,
    "unique_encoded_rows": 446,
    "duplicates_merged": 15,
    "encoded_dim": 46,
    "n_additives": 22
  },
  "models": {
    "old_mixed_hamming": {
      "fit_seconds": 5.569819927215576,
      "mll": -0.5958555025189316,
      "train_rmse": 2907.6847878332055,
      "train_mae": 2126.964897064513,
      "train_r2": 0.9877199164426148,
      "train_z_mean": 0.00021939737727642172,
      "train_z_std": 0.6157826969465178,
      "train_frac_abs_z_gt_2": 0.013452914798206279,
      "train_frac_abs_z_gt_3": 0.0,
      "target_std": 26268.428212169514,
      "kernel_diag_min": 2.8783400823058845,
      "kernel_diag_max": 2.8783400823058845,
      "noise_standardized": 0.024644567934064224,
      "eig_min": 0.024644567934062375,
      "eig_max": 853.0817834811744,
      "condition_number": 34615.408383852875,
      "loo_rmse_model_space": 0.33141732633349624,
      "loo_mae_model_space": 0.23079945188654571,
      "loo_z_mean": 0.01919324360956751,
      "loo_z_std": 1.035893462966109,
      "loo_frac_abs_z_gt_2": 0.06053811659192825,
      "loo_frac_abs_z_gt_3": 0.006726457399103139,
      "loo_cholesky_jitter": 0.0,
      "old_cont_ls_min": 0.09723685365581557,
      "old_cont_ls_median": 1.266577449154781,
      "old_cont_ls_max": 2.85910083669606,
      "old_cat_ls_min": 0.33046767384905884,
      "old_cat_ls_median": 0.7090342196926456,
      "old_cat_ls_max": 1.1509291718678027,
      "old_outputscale_min": 0.4919553357363713,
      "old_outputscale_median": 0.8272513723046159,
      "old_outputscale_max": 1.30599696502605,
      "acq_pool_size": 512,
      "acq_mc_samples": 64,
      "acq_repeats": 5,
      "acq_value_mean": -47.14335050964538,
      "acq_value_std": 31.888791250052194,
      "acq_per_point_std_mean": 2.8376979221676213,
      "acq_spearman_mean": 0.9995597494735697,
      "acq_spearman_min": 0.9990945721896063,
      "acq_top25_jaccard_mean": 0.9692307692307693,
      "acq_top25_jaccard_min": 0.9230769230769231,
      "acq_finite_fraction": 1.0
    },
    "new_additive_set": {
      "fit_seconds": 5.60691237449646,
      "mll": -0.2315981953277277,
      "train_rmse": 1997.8113947583247,
      "train_mae": 1378.640271288584,
      "train_r2": 0.9942028352222243,
      "train_z_mean": -0.001365221804103339,
      "train_z_std": 0.5040254608056021,
      "train_frac_abs_z_gt_2": 0.004484304932735426,
      "train_frac_abs_z_gt_3": 0.0,
      "target_std": 26268.428212169514,
      "kernel_diag_min": 0.5532170056525578,
      "kernel_diag_max": 0.8218779319637696,
      "noise_standardized": 0.016036774479258838,
      "eig_min": 0.01603677447925841,
      "eig_max": 150.77153671476154,
      "condition_number": 9401.612332315699,
      "loo_rmse_model_space": 0.2704256917056575,
      "loo_mae_model_space": 0.19680949958635707,
      "loo_z_mean": 0.013729941119122676,
      "loo_z_std": 0.9813973475987954,
      "loo_frac_abs_z_gt_2": 0.053811659192825115,
      "loo_frac_abs_z_gt_3": 0.008968609865470852,
      "loo_cholesky_jitter": 0.0,
      "new_scale_ess": 0.325561840415909,
      "new_scale_set": 0.20737572426318607,
      "new_scale_main": 0.12459936008535456,
      "new_scale_pair": 0.019462206140502643,
      "new_scale_residual": 0.02027944097346275,
      "new_ess_lengthscale": [
        1.6892750349037857,
        0.7999894453253181
      ],
      "new_conc_lengthscale": 0.21452867490848399,
      "acq_pool_size": 512,
      "acq_mc_samples": 64,
      "acq_repeats": 5,
      "acq_value_mean": -61.88877233876421,
      "acq_value_std": 16.766387171047835,
      "acq_per_point_std_mean": 3.566037092382129,
      "acq_spearman_mean": 0.9884312575817397,
      "acq_spearman_min": 0.9675039303452697,
      "acq_top25_jaccard_mean": 0.8154744361640913,
      "acq_top25_jaccard_min": 0.6666666666666666,
      "acq_finite_fraction": 1.0
    }
  }
}