{
  "args": {
    "input": "C:\\PyCharm\\Blueness\\May_10_add\\data_corrected.xlsx",
    "sheet": "Corrected Data",
    "target": "intensity",
    "hrp": 0.0001,
    "hrp_atol": 1e-12,
    "filter_ctrl": true,
    "device": "cpu",
    "seed": 42,
    "k_max": 4,
    "fit_maxiter": 75,
    "output_dir": "C:\\PyCharm\\Blueness\\May_10_add\\add_bo_compare_diag",
    "stability_mc_samples": 64,
    "stability_repeats": 5,
    "acq_pool_size": 512,
    "eval_batch_size": 256,
    "skip_candidates": false,
    "q": 32,
    "num_restarts": 5,
    "raw_samples": 128,
    "acq_maxiter": 50,
    "num_top_subspaces": 20,
    "sobol_max_samples": 128,
    "screen_mc_samples": 16,
    "refine_mc_samples": 32
  },
  "data": {
    "rows_after_filters": 461,
    "target_mean": 85428.2827853377,
    "target_std": 26014.563565290526,
    "target_min": -52.12563452,
    "target_max": 151518.1277267,
    "active_count_dist": {
      "1": 198,
      "2": 231,
      "0": 32
    },
    "rows_any_additive_gt_encoding_hi": 0,
    "additive_gt_encoding_hi_counts": {},
    "raw_rows": 461,
    "unique_encoded_rows": 446,
    "duplicates_merged": 15,
    "encoded_dim": 46,
    "n_additives": 22
  },
  "models": {
    "old_mixed_hamming": {
      "fit_seconds": 6.043641090393066,
      "mll": -0.5958555025189316,
      "train_rmse": 2907.6847878332055,
      "train_mae": 2126.964897064513,
      "train_r2": 0.9877199164426148,
      "train_z_mean": 0.00021939737727642172,
      "train_z_std": 0.6157826969465178,
      "train_frac_abs_z_gt_2": 0.013452914798206279,
      "train_frac_abs_z_gt_3": 0.0,
      "target_std": 26268.428212169514,
      "kernel_diag_min": 2.8783400823058845,
      "kernel_diag_max": 2.8783400823058845,
      "noise_standardized": 0.024644567934064224,
      "eig_min": 0.024644567934062375,
      "eig_max": 853.0817834811744,
      "condition_number": 34615.408383852875,
      "loo_rmse_model_space": 0.33141732633349624,
      "loo_mae_model_space": 0.23079945188654571,
      "loo_z_mean": 0.01919324360956751,
      "loo_z_std": 1.035893462966109,
      "loo_frac_abs_z_gt_2": 0.06053811659192825,
      "loo_frac_abs_z_gt_3": 0.006726457399103139,
      "loo_cholesky_jitter": 0.0,
      "old_cont_ls_min": 0.09723685365581557,
      "old_cont_ls_median": 1.266577449154781,
      "old_cont_ls_max": 2.85910083669606,
      "old_cat_ls_min": 0.33046767384905884,
      "old_cat_ls_median": 0.7090342196926456,
      "old_cat_ls_max": 1.1509291718678027,
      "old_outputscale_min": 0.4919553357363713,
      "old_outputscale_median": 0.8272513723046159,
      "old_outputscale_max": 1.30599696502605,
      "acq_pool_size": 512,
      "acq_mc_samples": 64,
      "acq_repeats": 5,
      "acq_value_mean": -47.14335050964538,
      "acq_value_std": 31.888791250052194,
      "acq_per_point_std_mean": 2.8376979221676213,
      "acq_spearman_mean": 0.9995597494735697,
      "acq_spearman_min": 0.9990945721896063,
      "acq_top25_jaccard_mean": 0.9692307692307693,
      "acq_top25_jaccard_min": 0.9230769230769231,
      "acq_finite_fraction": 1.0,
      "n_subspaces_total": 9109,
      "n_subspaces_top": 20,
      "screen_best": 10.818889371790343,
      "screen_worst_top": 10.452817669585677,
      "screen_active_count_dist": {
        "4": 20
      },
      "screen_sample_stats_by_n_free": {
        "2": 4,
        "3": 176,
        "4": 3696,
        "5": 49280,
        "6": 468160
      },
      "candidate_opt_seconds": 1217.3118014335632,
      "candidate_joint_acq": 11.422357577642607,
      "candidate_unique_before_topq": 32,
      "candidate_n": 32,
      "candidate_active_count_dist": {
        "4": 32
      },
      "candidate_additive_counts": {
        "bsa": 32,
        "imidazole": 32,
        "cmc": 21,
        "sucrose": 18,
        "pva": 10,
        "edta": 6,
        "peg200k": 3,
        "feso4": 3,
        "peg20k": 2,
        "mgso4": 1
      },
      "candidate_pair_counts": {
        "bsa+imidazole": 32,
        "cmc+bsa": 21,
        "cmc+imidazole": 21,
        "bsa+sucrose": 18,
        "imidazole+sucrose": 18,
        "bsa+pva": 10,
        "pva+imidazole": 10,
        "cmc+sucrose": 9,
        "bsa+edta": 6,
        "imidazole+edta": 6,
        "pva+sucrose": 6,
        "cmc+edta": 4,
        "bsa+peg200k": 3,
        "imidazole+peg200k": 3,
        "cmc+feso4": 3,
        "bsa+feso4": 3,
        "imidazole+feso4": 3,
        "peg20k+bsa": 2,
        "peg20k+imidazole": 2,
        "cmc+peg200k": 2
      },
      "candidate_acq_mean": 10.623513408188213,
      "candidate_acq_min": 9.72447936740342,
      "candidate_acq_max": 11.211498366991808
    },
    "new_additive_set": {
      "fit_seconds": 6.2250566482543945,
      "mll": -0.21856696671950882,
      "train_rmse": 1975.1316583818088,
      "train_mae": 1370.4685934054894,
      "train_r2": 0.994333710318858,
      "train_z_mean": -0.0014076478692180937,
      "train_z_std": 0.4989239021646503,
      "train_frac_abs_z_gt_2": 0.004484304932735426,
      "train_frac_abs_z_gt_3": 0.0,
      "target_std": 26268.428212169514,
      "kernel_diag_min": 2.3480079309644197,
      "kernel_diag_max": 2.501723919675325,
      "noise_standardized": 0.015851114206445603,
      "eig_min": 0.015851114206428703,
      "eig_max": 910.8984726232103,
      "condition_number": 57465.89550492161,
      "loo_rmse_model_space": 0.2717572309750465,
      "loo_mae_model_space": 0.1966758767227824,
      "loo_z_mean": 0.014367717464700043,
      "loo_z_std": 0.9884252930920929,
      "loo_frac_abs_z_gt_2": 0.05829596412556054,
      "loo_frac_abs_z_gt_3": 0.006726457399103139,
      "loo_cholesky_jitter": 0.0,
      "new_scale_ess": 2.046164648353368,
      "new_scale_set": 0.29701193249637137,
      "new_scale_main": 0.07678173007927139,
      "new_scale_pair": 0.00015252855236246173,
      "new_scale_residual": 0.004831350114680268,
      "new_ess_lengthscale": [
        3.336360999526965,
        1.1371318234869916
      ],
      "new_conc_lengthscale": 0.18010421041131688,
      "acq_pool_size": 512,
      "acq_mc_samples": 64,
      "acq_repeats": 5,
      "acq_value_mean": -63.20106052593901,
      "acq_value_std": 14.180044794330875,
      "acq_per_point_std_mean": 1.7460485849162384,
      "acq_spearman_mean": 0.9976754904527301,
      "acq_spearman_min": 0.9953399122807018,
      "acq_top25_jaccard_mean": 0.7818646232439337,
      "acq_top25_jaccard_min": 0.6666666666666666,
      "acq_finite_fraction": 1.0,
      "n_subspaces_total": 9109,
      "n_subspaces_top": 20,
      "screen_best": 10.256191208764763,
      "screen_worst_top": 9.669484934245736,
      "screen_active_count_dist": {
        "4": 19,
        "3": 1
      },
      "screen_sample_stats_by_n_free": {
        "2": 4,
        "3": 176,
        "4": 3696,
        "5": 49280,
        "6": 468160
      },
      "candidate_opt_seconds": 1108.042956352234,
      "candidate_joint_acq": 11.033401019860996,
      "candidate_unique_before_topq": 32,
      "candidate_n": 32,
      "candidate_active_count_dist": {
        "4": 32
      },
      "candidate_additive_counts": {
        "imidazole": 32,
        "cacl2": 32,
        "bsa": 22,
        "cmc": 20,
        "edta": 6,
        "feso4": 5,
        "peg20k": 5,
        "sucrose": 4,
        "mgso4": 2
      },
      "candidate_pair_counts": {
        "imidazole+cacl2": 32,
        "bsa+imidazole": 22,
        "bsa+cacl2": 22,
        "cmc+imidazole": 20,
        "cmc+cacl2": 20,
        "cmc+bsa": 10,
        "imidazole+edta": 6,
        "edta+cacl2": 6,
        "imidazole+feso4": 5,
        "cacl2+feso4": 5,
        "peg20k+imidazole": 5,
        "peg20k+cacl2": 5,
        "imidazole+sucrose": 4,
        "sucrose+cacl2": 4,
        "bsa+sucrose": 3,
        "bsa+edta": 3,
        "cmc+edta": 3,
        "cmc+feso4": 3,
        "cmc+peg20k": 3,
        "bsa+mgso4": 2
      },
      "candidate_acq_mean": 10.542733306588314,
      "candidate_acq_min": 10.004634901926092,