{
  "args": {
    "input": "logs/May_10_full_log/data_corrected.xlsx",
    "sheet": "Corrected Data",
    "target": "intensity",
    "hrp": 0.0001,
    "hrp_atol": 1e-12,
    "filter_ctrl": true,
    "device": "cpu",
    "seed": 42,
    "output_dir": "C:\\PyCharm\\Blueness\\.claude\\worktrees\\strange-bohr-38df86\\logs\\May_13_full_log\\three_kernel_comparison\\famt_diag",
    "k_max": 4,
    "fit_maxiter": 200,
    "latent_rank": 4,
    "training_fit_diagnostics": true,
    "matrix_diagnostics": true,
    "loo_diagnostics": true,
    "kernel_parameter_summary": true,
    "acq_stability_diagnostics": true,
    "stability_mc_samples": 64,
    "stability_repeats": 5,
    "acq_pool_size": 512,
    "eval_batch_size": 256
  },
  "data": {
    "rows_after_filters": 461,
    "target_mean": 85428.2827853377,
    "target_std": 26014.563565290526,
    "target_min": -52.12563452,
    "target_max": 151518.1277267,
    "active_count_dist": {
      "1": 198,
      "2": 231,
      "0": 32
    },
    "rows_any_additive_gt_encoding_hi": 0,
    "additive_gt_encoding_hi_counts": {},
    "raw_rows": 461,
    "unique_encoded_rows": 446,
    "duplicates_merged": 15,
    "encoded_dim": 46,
    "n_additives": 22
  },
  "descriptor_keys": [
    "is_peg",
    "is_polymer",
    "is_surfactant",
    "is_polyol_sugar",
    "is_protein",
    "is_solvent",
    "is_salt",
    "is_redox_active",
    "is_protein_stabilizer",
    "is_chelator_strong",
    "is_kosmotrope_anion",
    "log_mw",
    "charge_at_pH7"
  ],
  "models": {
    "famt": {
      "fit_seconds": 155.71796083450317,
      "mll": -0.5459744853652996,
      "train_rmse": 6791.25935935763,
      "train_mae": 4932.723409992742,
      "train_r2": 0.9330104120772816,
      "train_z_mean": 0.0013556742199661638,
      "train_z_std": 0.9478692948036831,
      "train_frac_abs_z_gt_2": 0.0515695067264574,
      "train_frac_abs_z_gt_3": 0.011210762331838564,
      "target_std": 26268.428212169514,
      "kernel_diag_min": 1.0107159879409529,
      "kernel_diag_max": 2.0276539631539414,
      "noise_standardized": 0.07052704017235131,
      "eig_min": 0.07052704017234941,
      "eig_max": 427.8141422347169,
      "condition_number": 6065.959115670421,
      "loo_rmse_model_space": 0.28689279508121845,
      "loo_mae_model_space": 0.20544887305066012,
      "loo_z_mean": -0.004551032377019299,
      "loo_z_std": 1.0145139698613983,
      "loo_frac_abs_z_gt_2": 0.053811659192825115,
      "loo_frac_abs_z_gt_3": 0.02242152466367713,
      "loo_cholesky_jitter": 0.0,
      "famt_ess_outputscale": 0.7170684774834676,
      "famt_ess_lengthscale": [
        0.41583954545902624,
        0.10393537488628987
      ],
      "famt_baseline_var": 0.2936475104574854,
      "famt_tau": 0.07078445559474156,
      "famt_lambdas": {
        "cmc": 0.1404111067832805,
        "peg20k": 0.13914613200780523,
        "dmso": 0.16240158473983285,
        "pl127": 0.27091014814854614,
        "bsa": 0.20033874056002704,
        "pva": 0.1341812631745691,
        "tw80": 0.18526076672826838,
        "glycerol": 0.13886599937408858,
        "tw20": 0.08038895611674245,
        "imidazole": 2.3488838076882,
        "tx100": 0.1309268738736772,
        "edta": 0.1370650634969925,
        "mgso4": 0.5180632059262325,
        "sucrose": 0.11694787274025625,
        "cacl2": 7.267194642193917,
        "znso4": 0.31055235597214187,
        "paa": 0.22377643399500882,
        "mncl2": 1.3021708907337637,
        "peg200k": 0.1513178389467971,
        "feso4": 0.39296381307153005,
        "peg6k": 0.10542142311471495,
        "peg400": 0.12359976650182739
      },
      "famt_sigma_j": {
        "cmc": 0.009938923753109634,
        "peg20k": 0.009849383202286536,
        "dmso": 0.011495507763532356,
        "pl127": 0.019176227351785622,
        "bsa": 0.014180868685077683,
        "pva": 0.009497947664826617,
        "tw80": 0.013113582515924888,
        "glycerol": 0.009829554166314583,
        "tw20": 0.005690288494553183,
        "imidazole": 0.16626446158251287,
        "tx100": 0.009267587489869633,
        "edta": 0.009702075900693297,
        "mgso4": 0.036670821995154854,
        "sucrose": 0.008278091504882155,
        "cacl2": 0.514404416448719,
        "znso4": 0.02198227945115245,
        "paa": 0.015839893055269318,
        "mncl2": 0.09217345759190916,
        "peg200k": 0.010710950851621813,
        "feso4": 0.02781572957670204,
        "peg6k": 0.007462198043198001,
        "peg400": 0.008748942183469026
      },
      "famt_lambda_E": 0.4155142662126393,
      "famt_F_norm": 0.8729194032898436,
      "famt_E_raw_norm": 2.325299067130649,
      "famt_conc_lengthscale": 0.21638922785072603,
      "famt_G_diag": {
        "cmc": 0.09993380438854921,
        "peg20k": 0.027780148326463305,
        "dmso": 0.055868140589275535,
        "pl127": 0.10311309670934811,
        "bsa": 0.16636677114268206,
        "pva": 0.05612760158510303,
        "tw80": 0.05179501295829217,
        "glycerol": 0.05178400205347252,
        "tw20": 0.004922632976442605,
        "imidazole": 0.3157184382765547,
        "tx100": 0.02536188475341622,
        "edta": 0.021781902853144616,
        "mgso4": 0.26352223043817313,
        "sucrose": 0.053941866705957554,
        "cacl2": 0.3770846066386769,
        "znso4": 0.2032560426314528,
        "paa": 0.1757170427410601,
        "mncl2": 0.3101686430131401,
        "peg200k": 0.019203086078183218,
        "feso4": 0.05035281768077584,
        "peg6k": 0.005913066120499644,
        "peg400": 0.008216973626539902
      },
      "famt_G_corr_offdiag_min": -0.9641118984644461,
      "famt_G_corr_offdiag_max": 0.9812328551675507,
      "famt_G_corr_offdiag_mean": 0.11723910999700322,
      "acq_pool_size": 512,
      "acq_mc_samples": 64,
      "acq_repeats": 5,
      "acq_value_mean": -65.61169067945147,
      "acq_value_std": 8.987483712243094,
      "acq_per_point_std_mean": 1.0680163796933,
      "acq_spearman_mean": 0.9988983767924378,
      "acq_spearman_min": 0.9971331546617687,
      "acq_top25_jaccard_mean": 0.7971882284382286,
      "acq_top25_jaccard_min": 0.5151515151515151,
      "acq_finite_fraction": 1.0
    }
  }
}