additive,conc_lengthscale
cacl2,0.07530239
imidazole,0.082427721
pl127,0.116796318
dmso,0.140693512
tw80,0.156434278
glycerol,0.156897735
paa,0.21715193
pva,0.24721291
tx100,0.260556992
feso4,0.267902248
mncl2,0.276207042
sucrose,0.282010195
peg200k,0.290119859
cmc,0.292333814
mgso4,0.293154528
tw20,0.299231103
peg6k,0.300905832
edta,0.304161098
peg400,0.315099609
peg20k,0.316697736
bsa,0.319915195
znso4,0.411902681
