{
  "args": {
    "bo_profile": "early_stage_candidates",
    "input": "C:\\PyCharm\\Blueness\\logs\\May_10_full_log\\data_corrected.xlsx",
    "sheet": "Corrected Data",
    "target": "intensity",
    "hrp": 0.0001,
    "hrp_atol": 1e-12,
    "filter_ctrl": true,
    "device": "cpu",
    "seed": 42,
    "output_dir": "C:\\PyCharm\\Blueness\\logs\\May_12_full_log\\early_stage_candidates_diag",
    "models": [
      "new_additive_set"
    ],
    "k_max": 4,
    "fit_maxiter": 150,
    "training_fit_diagnostics": true,
    "matrix_diagnostics": true,
    "loo_diagnostics": true,
    "kernel_parameter_summary": true,
    "acq_stability_diagnostics": true,
    "stability_mc_samples": 64,
    "stability_repeats": 5,
    "acq_pool_size": 512,
    "skip_candidates": false,
    "q": 32,
    "num_top_subspaces": 40,
    "sobol_max_samples": 128,
    "screen_min_samples": 32,
    "screen_mc_samples": 16,
    "num_restarts": 5,
    "raw_samples": 128,
    "acq_maxiter": 50,
    "refine_mc_samples": 32,
    "eval_batch_size": 256
  },
  "data": {
    "rows_after_filters": 461,
    "target_mean": 85428.2827853377,
    "target_std": 26014.563565290526,
    "target_min": -52.12563452,
    "target_max": 151518.1277267,
    "active_count_dist": {
      "1": 198,
      "2": 231,
      "0": 32
    },
    "rows_any_additive_gt_encoding_hi": 0,
    "additive_gt_encoding_hi_counts": {},
    "raw_rows": 461,
    "unique_encoded_rows": 446,
    "duplicates_merged": 15,
    "encoded_dim": 46,
    "n_additives": 22
  },
  "models": {
    "new_additive_set": {
      "fit_seconds": 16.648093461990356,
      "mll": -0.23082757198646678,
      "train_rmse": 1998.2977574869085,
      "train_mae": 1377.1884836442614,
      "train_r2": 0.9942000122649719,
      "train_z_mean": -0.0015152722842287003,
      "train_z_std": 0.5032018078600416,
      "train_frac_abs_z_gt_2": 0.004484304932735426,
      "train_frac_abs_z_gt_3": 0.0,
      "target_std": 26268.428212169514,
      "kernel_diag_min": 0.4582636047466692,
      "kernel_diag_max": 0.7134771988062607,
      "noise_standardized": 0.01613674372157451,
      "eig_min": 0.016136743721573667,
      "eig_max": 105.23329290748836,
      "condition_number": 6521.346234606119,
      "loo_rmse_model_space": 0.2707543032476953,
      "loo_mae_model_space": 0.1969551225972765,
      "loo_z_mean": 0.014003180062220653,
      "loo_z_std": 0.97619293604735,
      "loo_frac_abs_z_gt_2": 0.053811659192825115,
      "loo_frac_abs_z_gt_3": 0.008968609865470852,
      "loo_cholesky_jitter": 0.0,
      "new_scale_ess": 0.22082105559218235,
      "new_scale_set": 0.21963394872577793,
      "new_scale_main": 0.1174808901199046,
      "new_scale_pair": 0.020251813819782295,
      "new_scale_residual": 0.017808600428708972,
      "new_ess_lengthscale": [
        2.2799139307325618,
        0.8305817866899993
      ],
      "new_conc_lengthscale": 0.2120426143876059,
      "acq_pool_size": 512,
      "acq_mc_samples": 64,
      "acq_repeats": 5,
      "acq_value_mean": -61.2100127919728,
      "acq_value_std": 17.82826976890179,
      "acq_per_point_std_mean": 3.5786278055695653,
      "acq_spearman_mean": 0.9892268395732481,
      "acq_spearman_min": 0.968505918048546,
      "acq_top25_jaccard_mean": 0.823166743856399,
      "acq_top25_jaccard_min": 0.6666666666666666,
      "acq_finite_fraction": 1.0,
      "n_subspaces_total": 9109,
      "n_subspaces_top": 40,
      "screen_best": 10.353895950930283,
      "screen_worst_top": 9.416029331592398,
      "screen_active_count_dist": {
        "4": 39,
        "3": 1
      },
      "screen_sample_stats_by_n_free": {
        "2": 64,
        "3": 1408,
        "4": 29568,
        "5": 197120,
        "6": 936320
      },
      "candidate_opt_seconds": 2796.792510032654,
      "candidate_joint_acq": 11.037611344432438,
      "candidate_unique_before_topq": 32,
      "candidate_n": 32,
      "candidate_active_count_dist": {
        "4": 32
      },
      "candidate_additive_counts": {
        "imidazole": 32,
        "cacl2": 32,
        "bsa": 23,
        "cmc": 20,
        "sucrose": 7,
        "edta": 7,
        "feso4": 3,
        "peg20k": 2,
        "mgso4": 2
      },
      "candidate_pair_counts": {
        "imidazole+cacl2": 32,
        "bsa+imidazole": 23,
        "bsa+cacl2": 23,
        "cmc+imidazole": 20,
        "cmc+cacl2": 20,
        "cmc+bsa": 11,
        "imidazole+sucrose": 7,
        "sucrose+cacl2": 7,
        "imidazole+edta": 7,
        "edta+cacl2": 7,
        "bsa+sucrose": 5,
        "cmc+edta": 5,
        "imidazole+feso4": 3,
        "cacl2+feso4": 3,
        "bsa+edta": 2,
        "cmc+sucrose": 2,
        "cmc+feso4": 2,
        "peg20k+bsa": 2,
        "peg20k+imidazole": 2,
        "peg20k+cacl2": 2
      },
      "candidate_acq_mean": 10.434556769200132,
      "candidate_acq_min": 9.787503704009382,
      "candidate_acq_max": 10.854028630369813
    }
  }
}