{
  "args": {
    "input": "logs/Jun_11_full_log/data_corrected.xlsx",
    "sheet": "Corrected Data",
    "target": "intensity",
    "hrp": 0.0001,
    "hrp_atol": 1e-12,
    "filter_ctrl": true,
    "k_max": 4,
    "device": "cpu",
    "seeds": [
      0,
      1,
      2,
      3,
      4,
      5,
      6,
      7,
      8,
      9
    ],
    "fit_maxiter": 75,
    "output_dir": "logs/Jun_11_full_log/add_bo_per_add_alpha_gp_loocv",
    "comparison_summary": "logs/Jun_11_full_log/add_bo_additive_block_gp_loocv/comparison_metric_summary.csv",
    "no_comparison_summary": false
  },
  "data": {
    "rows_after_filters": 461,
    "target_mean": 85428.2827853377,
    "target_std": 26014.563565290526,
    "target_min": -52.12563452,
    "target_max": 151518.1277267,
    "active_count_dist": {
      "1": 198,
      "2": 231,
      "0": 32
    },
    "rows_any_additive_gt_encoding_hi": 0,
    "additive_gt_encoding_hi_counts": {},
    "raw_rows": 461,
    "unique_encoded_rows": 446,
    "duplicates_merged": 15,
    "encoded_dim": 46,
    "n_additives": 22
  },
  "models": {
    "per_add_alpha_kernel": {
      "seed": 7,
      "model": "per_add_alpha_kernel",
      "fit_seconds": 7.27538800239563,
      "mll": -0.2613212759950787,
      "wall_seconds_including_fit_call": 7.303689241409302,
      "train_rmse": 6448.192579970034,
      "train_mae": 4600.665270592368,
      "train_r2": 0.9396075466939916,
      "train_z_mean": -0.0006818245690906787,
      "train_z_std": 0.8769898881346896,
      "train_frac_abs_z_gt_2": 0.03587443946188341,
      "train_frac_abs_z_gt_3": 0.013452914798206279,
      "target_std": 26268.428212169514,
      "kernel_diag_min": 0.5578095323368072,
      "kernel_diag_max": 1.0448660157072038,
      "noise_standardized": 0.07150654454663648,
      "eig_min": 0.071506544546635,
      "eig_max": 234.80726974375895,
      "condition_number": 3283.7171930552845,
      "loo_rmse_model_space": 0.2875803975324844,
      "loo_mae_model_space": 0.20897176457184893,
      "loo_z_mean": -0.0006107162890943872,
      "loo_z_std": 0.9804260202153896,
      "loo_frac_abs_z_gt_2": 0.04708520179372197,
      "loo_frac_abs_z_gt_3": 0.017937219730941704,
      "loo_cholesky_jitter": 0.0,
      "per_add_alpha_outputscale": 0.49836214038985943,
      "per_add_alpha_c0": 1.1192855297965516,
      "per_add_alpha_effective_c0": 0.5578095323368072,
      "per_add_alpha_ess_lengthscale": [
        0.6381074410372959,
        0.07660375727783711
      ],
      "per_add_alpha_conc_lengthscale": {
        "cmc": 0.26996253430493844,
        "peg20k": 0.2631716699634309,
        "dmso": 0.12434099862443167,
        "pl127": 0.08774810137186402,
        "bsa": 0.31047851961913836,
        "pva": 0.19488362759719882,
        "tw80": 0.12982676385999378,
        "glycerol": 0.1306266521198101,
        "tw20": 0.22892363815867803,
        "imidazole": 0.08131693423273423,
        "tx100": 0.2103838032416555,
        "edta": 0.2525980085571273,
        "mgso4": 0.3141210779303056,
        "sucrose": 0.20986397842777352,
        "cacl2": 0.07721769100833686,
        "znso4": 0.42293591948264614,
        "paa": 0.21033352638038708,
        "mncl2": 0.2750979652828353,
        "peg200k": 0.23461982847483162,
        "feso4": 0.21571986528078657,
        "peg6k": 0.24046777922497703,
        "peg400": 0.26064859511889005
      },
      "per_add_alpha_alpha": {
        "cmc": 0.2229766229548833,
        "peg20k": 0.12969485623207377,
        "dmso": 0.15464266971641602,
        "pl127": 0.13175838028833112,
        "bsa": 0.2801122229376996,
        "pva": 0.16754058223456048,
        "tw80": 0.13226851662896458,
        "glycerol": 0.1288683010889287,
        "tw20": 0.10648329591356434,
        "imidazole": 0.36324408407179326,
        "tx100": 0.1151716849166443,
        "edta": 0.125697915227894,
        "mgso4": 0.4837829159868365,
        "sucrose": 0.16314867619955511,
        "cacl2": 0.4935314582338483,
        "znso4": 0.3566212548227187,
        "paa": 0.2582983995781587,
        "mncl2": 0.48238187213427786,
        "peg200k": 0.11877347810553571,
        "feso4": 0.12736194032740997,
        "peg6k": 0.11973096474987144,
        "peg400": 0.11902559280240575
      },
      "per_add_alpha_effective_alpha": {
        "cmc": 0.1111231070726983,
        "peg20k": 0.06463500614937139,
        "dmso": 0.07706805187547519,
        "pl127": 0.06566338841479376,
        "bsa": 0.13959732697259344,
        "pva": 0.08349588316457882,
        "tw80": 0.0659176210534025,
        "glycerol": 0.06422308235908335,
        "tw20": 0.053067243267250694,
        "imidazole": 0.18102709922197294,
        "tx100": 0.05739720740736534,
        "edta": 0.06264308207551636,
        "mgso4": 0.24109908949524736,
        "sucrose": 0.0813071234725824,
        "cacl2": 0.24595739387514914,
        "znso4": 0.17772653186196757,
        "paa": 0.12872614327304632,
        "mncl2": 0.2404008622821062,
        "peg200k": 0.059192204770222884,
        "feso4": 0.06347236918577359,
        "peg6k": 0.05966937986368874,
        "peg400": 0.05931784919017878
      },
      "per_add_alpha_alpha_min": 0.10648329591356434,
      "per_add_alpha_alpha_median": 0.1434555931726903,
      "per_add_alpha_alpha_max": 0.4935314582338483,
      "per_add_alpha_effective_alpha_min": 0.053067243267250694,
      "per_add_alpha_effective_alpha_median": 0.07149283646443885,
      "per_add_alpha_effective_alpha_max": 0.24595739387514914
    }
  }
}